Name,Duration,Memory_Before,Memory_After,Memory_Change,Memory_Peak,Success
Modern ML Health Check,0.0001804828643798828,414.60546875,414.60546875,0.0,414.60546875,True
Performance Optimizer Health,6.556510925292969e-05,414.60546875,414.60546875,0.0,414.60546875,True
Batch Health Checks (10x),0.0007574558258056641,414.60546875,414.625,0.01953125,414.625,True
MLOps Health Check,5.602836608886719e-05,414.78125,414.78125,0.0,414.78125,True
Pipeline Creation,0.0007696151733398438,414.78125,414.78125,0.0,414.78125,True
Model Registry List,2.1219253540039062e-05,414.78125,414.78125,0.0,414.78125,True
Pipeline Listing,3.886222839355469e-05,414.78125,414.78125,0.0,414.78125,True
MLOps Concurrent Stress Test (5x),0.0001819133758544922,414.78125,414.78515625,0.00390625,414.78515625,True
Deployment Health Check,4.029273986816406e-05,414.8203125,414.8203125,0.0,414.8203125,True
Deployment Config Load,2.8848648071289062e-05,414.8203125,414.8203125,0.0,414.8203125,True
Deployment Status Check,3.814697265625e-05,414.8203125,414.8203125,0.0,414.8203125,True
Docker Image Listing,2.8133392333984375e-05,414.8203125,414.8203125,0.0,414.8203125,True
Monitoring Health Check,4.315376281738281e-05,417.65234375,417.65234375,0.0,417.65234375,True
System Metrics Collection,0.007561683654785156,417.65234375,417.66015625,0.0078125,417.65234375,True
Active Alerts Retrieval,2.4080276489257812e-05,417.66015625,417.66015625,0.0,417.66015625,True
Auto-Healing Status,5.459785461425781e-05,417.66015625,417.66015625,0.0,417.66015625,True
Monitoring Stress Test (3x metrics),0.019915103912353516,417.66015625,417.66015625,0.0,417.66015625,True
Security Health Check,4.029273986816406e-05,418.28125,418.28125,0.0,418.28125,True
Model Security Scan,0.000469207763671875,418.28125,418.28125,0.0,418.28125,True
Access Policies List,5.125999450683594e-05,418.28125,418.28125,0.0,418.28125,True
Recent Audit Events,6.937980651855469e-05,418.28125,418.28125,0.0,418.28125,True
Production App Creation,0.11562180519104004,450.94140625,450.94140625,0.0,450.94140625,True
Phase 3 Route Registration,0.001,450.94140625,450.94140625,0.0,450.94140625,True
