name,path,usage_count,complexity,has_tests,duplicates_count,duplicate_sample,category,priority_score
Navbar,C:\Users\bcmad\Downloads\A1Betting7-13.2\frontend\src\components\shared\common\layout\Navbar.tsx,0,0,False,1430,"CyberTheme,LiveOddsTicker,PropAnalysis",DELETE_UNUSED,7350.0
Sidebar,C:\Users\bcmad\Downloads\A1Betting7-13.2\frontend\src\components\Sidebar\Sidebar.tsx,0,0,False,1430,"CyberTheme,LiveOddsTicker,PropAnalysis",DELETE_UNUSED,7350.0
ThemeToggle,C:\Users\bcmad\Downloads\A1Betting7-13.2\frontend\src\components\ThemeToggle.tsx,0,0,False,1144,"CyberTheme,LiveOddsTicker,PropAnalysis",DELETE_UNUSED,5920.0
PerformanceMetrics,C:\Users\bcmad\Downloads\A1Betting7-13.2\frontend\src\components\PerformanceMetrics.tsx,17,0,False,858,"CyberTheme,LiveOddsTicker,PropAnalysis",ADD_TESTS,4660.0
ConfidenceIndicator,C:\Users\bcmad\Downloads\A1Betting7-13.2\frontend\src\components\shared\common\ConfidenceIndicator.tsx,1,0,False,860,"CyberTheme,LiveOddsTicker,PropAnalysis",ADD_TESTS,4510.0
MLInsights,C:\Users\bcmad\Downloads\A1Betting7-13.2\frontend\src\components\insights\MLInsights.tsx,0,0,False,858,"CyberTheme,LiveOddsTicker,PropAnalysis",DELETE_UNUSED,4490.0
BettingOpportunities,C:\Users\bcmad\Downloads\A1Betting7-13.2\frontend\src\components\predictions\BettingOpportunities.tsx,0,0,False,858,"CyberTheme,LiveOddsTicker,PropAnalysis",DELETE_UNUSED,4490.0
RiskProfileSelector,C:\Users\bcmad\Downloads\A1Betting7-13.2\frontend\src\components\RiskProfileSelector.tsx,0,0,False,858,"CyberTheme,LiveOddsTicker,PropAnalysis",DELETE_UNUSED,4490.0
PerformanceChart,C:\Users\bcmad\Downloads\A1Betting7-13.2\frontend\src\components\monitoring\PerformanceChart.tsx,0,0,False,858,"CyberTheme,LiveOddsTicker,PropAnalysis",DELETE_UNUSED,4490.0
ESPNHeadlinesTicker,C:\Users\bcmad\Downloads\A1Betting7-13.2\frontend\src\components\features\news\ESPNHeadlinesTicker.tsx,0,0,False,858,"CyberTheme,LiveOddsTicker,PropAnalysis",DELETE_UNUSED,4490.0
ModelPerformance,C:\Users\bcmad\Downloads\A1Betting7-13.2\frontend\src\components\predictions\ModelPerformance.tsx,0,0,False,858,"CyberTheme,LiveOddsTicker,PropAnalysis",DELETE_UNUSED,4490.0
ShapValueDisplay,C:\Users\bcmad\Downloads\A1Betting7-13.2\frontend\src\components\ShapValueDisplay.tsx,0,0,False,858,"CyberTheme,LiveOddsTicker,PropAnalysis",DELETE_UNUSED,4490.0
PropCards,C:\Users\bcmad\Downloads\A1Betting7-13.2\frontend\src\components\PropCards.tsx,0,0,False,858,"CyberTheme,LiveOddsTicker,PropAnalysis",DELETE_UNUSED,4490.0
RiskProfileManager,C:\Users\bcmad\Downloads\A1Betting7-13.2\frontend\src\components\RiskProfileManager.tsx,0,0,False,858,"CyberTheme,LiveOddsTicker,PropAnalysis",DELETE_UNUSED,4490.0
PayoutPreview,C:\Users\bcmad\Downloads\A1Betting7-13.2\frontend\src\components\prediction\PayoutPreview.tsx,1,0,False,858,"CyberTheme,LiveOddsTicker,PropAnalysis",KEEP_AS_IS,4400.0
Layout,C:\Users\bcmad\Downloads\A1Betting7-13.2\frontend\src\components\shared\common\layout\Layout.tsx,25,0,False,574,"CyberTheme,LiveOddsTicker,PropAnalysis",ADD_TESTS,3320.0
PropCard,C:\Users\bcmad\Downloads\A1Betting7-13.2\frontend\src\components\shared\ui\unified\PropCard.tsx,7,27,False,572,"CyberTheme,LiveOddsTicker,PropAnalysis",ADD_TESTS,3132.7
UserStats,C:\Users\bcmad\Downloads\A1Betting7-13.2\frontend\src\components\features\user\UserStats.tsx,1,0,False,572,"CyberTheme,LiveOddsTicker,PropAnalysis",ADD_TESTS,3070.0
Navigation,C:\Users\bcmad\Downloads\A1Betting7-13.2\frontend\src\components\shared\layout\Navigation.tsx,1,0,False,572,"CyberTheme,LiveOddsTicker,PropAnalysis",ADD_TESTS,3070.0
RealtimePredictionDisplay,C:\Users\bcmad\Downloads\A1Betting7-13.2\frontend\src\components\RealtimePredictionDisplay.tsx,0,5,False,573,"CyberTheme,LiveOddsTicker,PropAnalysis",DELETE_UNUSED,3065.5
AppInitializer,C:\Users\bcmad\Downloads\A1Betting7-13.2\frontend\src\components\core\AppInitializer.tsx,0,0,False,572,"CyberTheme,LiveOddsTicker,PropAnalysis",DELETE_UNUSED,3060.0
ProtectedRoute,C:\Users\bcmad\Downloads\A1Betting7-13.2\frontend\src\components\shared\layout\ProtectedRoute.tsx,0,0,False,572,"CyberTheme,LiveOddsTicker,PropAnalysis",DELETE_UNUSED,3060.0
RegisterForm,C:\Users\bcmad\Downloads\A1Betting7-13.2\frontend\src\components\RegisterForm.tsx,0,0,False,572,"CyberTheme,LiveOddsTicker,PropAnalysis",DELETE_UNUSED,3060.0
BettingStats,C:\Users\bcmad\Downloads\A1Betting7-13.2\frontend\src\components\features\betting\BettingStats.tsx,0,0,False,572,"CyberTheme,LiveOddsTicker,PropAnalysis",DELETE_UNUSED,3060.0
LiveOddsTicker,C:\Users\bcmad\Downloads\A1Betting7-13.2\frontend\src\components\LiveOddsTicker.tsx,0,0,False,572,"CyberTheme,LiveOddsTicker,PropAnalysis",DELETE_UNUSED,3060.0
SHAPVisualization,C:\Users\bcmad\Downloads\A1Betting7-13.2\frontend\src\components\shared\SHAPVisualization.tsx,0,0,False,572,"CyberTheme,LiveOddsTicker,PropAnalysis",DELETE_UNUSED,3060.0
SportSelector,C:\Users\bcmad\Downloads\A1Betting7-13.2\frontend\src\components\shared\common\SportSelector.tsx,0,0,False,572,"CyberTheme,LiveOddsTicker,PropAnalysis",DELETE_UNUSED,3060.0
AppShell,C:\Users\bcmad\Downloads\A1Betting7-13.2\frontend\src\components\layout\AppShell.tsx,0,0,False,572,"CyberTheme,LiveOddsTicker,PropAnalysis",DELETE_UNUSED,3060.0
MLFactorViz,C:\Users\bcmad\Downloads\A1Betting7-13.2\frontend\src\components\MLFactorViz.tsx,0,0,False,572,"CyberTheme,LiveOddsTicker,PropAnalysis",DELETE_UNUSED,3060.0
ShapBreakdownModal,C:\Users\bcmad\Downloads\A1Betting7-13.2\frontend\src\components\ShapBreakdownModal.tsx,0,0,False,572,"CyberTheme,LiveOddsTicker,PropAnalysis",DELETE_UNUSED,3060.0
ShapVisualization,C:\Users\bcmad\Downloads\A1Betting7-13.2\frontend\src\components\ShapVisualization.tsx,0,0,False,572,"CyberTheme,LiveOddsTicker,PropAnalysis",DELETE_UNUSED,3060.0
EntryTracking,C:\Users\bcmad\Downloads\A1Betting7-13.2\frontend\src\components\features\tracking\EntryTracking.tsx,0,0,False,572,"CyberTheme,LiveOddsTicker,PropAnalysis",DELETE_UNUSED,3060.0
Header,C:\Users\bcmad\Downloads\A1Betting7-13.2\frontend\src\components\Header.tsx,0,0,False,572,"CyberTheme,LiveOddsTicker,PropAnalysis",DELETE_UNUSED,3060.0
Modals,C:\Users\bcmad\Downloads\A1Betting7-13.2\frontend\src\components\shared\common\modals\Modals.tsx,0,0,False,572,"CyberTheme,LiveOddsTicker,PropAnalysis",DELETE_UNUSED,3060.0
PredictionEnhancement,C:\Users\bcmad\Downloads\A1Betting7-13.2\frontend\src\components\PredictionEnhancement.tsx,0,0,False,572,"CyberTheme,LiveOddsTicker,PropAnalysis",DELETE_UNUSED,3060.0
UserConstraintsForm,C:\Users\bcmad\Downloads\A1Betting7-13.2\frontend\src\components\UserConstraintsForm.tsx,0,0,False,572,"CyberTheme,LiveOddsTicker,PropAnalysis",DELETE_UNUSED,3060.0
FilterBar,C:\Users\bcmad\Downloads\A1Betting7-13.2\frontend\src\components\shared\common\FilterBar.tsx,0,0,False,572,"CyberTheme,LiveOddsTicker,PropAnalysis",DELETE_UNUSED,3060.0
withErrorBoundary,C:\Users\bcmad\Downloads\A1Betting7-13.2\frontend\src\components\withErrorBoundary.tsx,0,0,False,572,"CyberTheme,LiveOddsTicker,PropAnalysis",DELETE_UNUSED,3060.0
button,C:\Users\bcmad\Downloads\A1Betting7-13.2\frontend\src\components\shared\ui\button.tsx,277,4,False,0,,ADD_TESTS,2970.4
PerformanceMonitor,C:\Users\bcmad\Downloads\A1Betting7-13.2\frontend\src\components\PerformanceMonitor.tsx,8,5,False,286,"CyberTheme,LiveOddsTicker,PropAnalysis",ADD_TESTS,1710.5
BettingOpportunity,C:\Users\bcmad\Downloads\A1Betting7-13.2\frontend\src\components\features\betting\BettingOpportunity.tsx,7,0,False,286,"CyberTheme,LiveOddsTicker,PropAnalysis",ADD_TESTS,1700.0
PropList,C:\Users\bcmad\Downloads\A1Betting7-13.2\frontend\src\components\PropList.tsx,3,0,False,286,"CyberTheme,LiveOddsTicker,PropAnalysis",ADD_TESTS,1660.0
PerformanceAlert,C:\Users\bcmad\Downloads\A1Betting7-13.2\frontend\src\components\monitoring\PerformanceAlert.tsx,3,0,False,286,"CyberTheme,LiveOddsTicker,PropAnalysis",ADD_TESTS,1660.0
LoginForm,C:\Users\bcmad\Downloads\A1Betting7-13.2\frontend\src\components\LoginForm.tsx,2,0,False,286,"CyberTheme,LiveOddsTicker,PropAnalysis",ADD_TESTS,1650.0
PredictionDisplay,C:\Users\bcmad\Downloads\A1Betting7-13.2\frontend\src\components\PredictionDisplay.tsx,1,27,False,287,"CyberTheme,LiveOddsTicker,PropAnalysis",ADD_TESTS,1647.7
KellyCalculator,C:\Users\bcmad\Downloads\A1Betting7-13.2\frontend\src\components\features\risk\KellyCalculator.tsx,1,45,False,286,"CyberTheme,LiveOddsTicker,PropAnalysis",ADD_TESTS,1644.5
BackendConnectionTest,C:\Users\bcmad\Downloads\A1Betting7-13.2\frontend\src\components\debug\BackendConnectionTest.tsx,1,27,False,286,"CyberTheme,LiveOddsTicker,PropAnalysis",ADD_TESTS,1642.7
ShapExplanation,C:\Users\bcmad\Downloads\A1Betting7-13.2\frontend\src\components\prediction\ShapExplanation.tsx,1,0,False,286,"CyberTheme,LiveOddsTicker,PropAnalysis",ADD_TESTS,1640.0
AuthProvider,C:\Users\bcmad\Downloads\A1Betting7-13.2\frontend\src\components\AuthProvider.tsx,1,0,False,286,"CyberTheme,LiveOddsTicker,PropAnalysis",ADD_TESTS,1640.0
Toaster,C:\Users\bcmad\Downloads\A1Betting7-13.2\frontend\src\components\base\Toaster.tsx,1,0,False,286,"CyberTheme,LiveOddsTicker,PropAnalysis",ADD_TESTS,1640.0
ConnectionTest,C:\Users\bcmad\Downloads\A1Betting7-13.2\frontend\src\components\ConnectionTest.tsx,1,0,False,286,"CyberTheme,LiveOddsTicker,PropAnalysis",ADD_TESTS,1640.0
ErrorState,C:\Users\bcmad\Downloads\A1Betting7-13.2\frontend\src\components\core\ErrorState.tsx,1,0,False,286,"CyberTheme,LiveOddsTicker,PropAnalysis",ADD_TESTS,1640.0
LoadingState,C:\Users\bcmad\Downloads\A1Betting7-13.2\frontend\src\components\core\LoadingState.tsx,1,0,False,286,"CyberTheme,LiveOddsTicker,PropAnalysis",ADD_TESTS,1640.0
ErrorFallback,C:\Users\bcmad\Downloads\A1Betting7-13.2\frontend\src\components\shared\feedback\ErrorFallback.tsx,1,0,False,286,"CyberTheme,LiveOddsTicker,PropAnalysis",ADD_TESTS,1640.0
BankrollStats,C:\Users\bcmad\Downloads\A1Betting7-13.2\frontend\src\components\features\user\BankrollStats.tsx,1,0,False,286,"CyberTheme,LiveOddsTicker,PropAnalysis",ADD_TESTS,1640.0
FeedbackWidget,C:\Users\bcmad\Downloads\A1Betting7-13.2\frontend\src\components\shared\feedback\FeedbackWidget.tsx,1,0,False,286,"CyberTheme,LiveOddsTicker,PropAnalysis",ADD_TESTS,1640.0
ErrorMessage,C:\Users\bcmad\Downloads\A1Betting7-13.2\frontend\src\components\shared\common\ErrorMessage.tsx,1,0,False,286,"CyberTheme,LiveOddsTicker,PropAnalysis",ADD_TESTS,1640.0
PatternRecognition,C:\Users\bcmad\Downloads\A1Betting7-13.2\frontend\src\components\PatternRecognition.tsx,0,5,False,287,"CyberTheme,LiveOddsTicker,PropAnalysis",DELETE_UNUSED,1635.5
PerformanceAnalytics,C:\Users\bcmad\Downloads\A1Betting7-13.2\frontend\src\components\PerformanceAnalytics.tsx,0,0,False,287,"CyberTheme,LiveOddsTicker,PropAnalysis",DELETE_UNUSED,1635.0
ToastContext,C:\Users\bcmad\Downloads\A1Betting7-13.2\frontend\src\components\ToastContext.tsx,0,0,False,287,"CyberTheme,LiveOddsTicker,PropAnalysis",DELETE_UNUSED,1635.0
LoadingScreen,C:\Users\bcmad\Downloads\A1Betting7-13.2\frontend\src\components\LoadingScreen.tsx,0,2,False,286,"CyberTheme,LiveOddsTicker,PropAnalysis",DELETE_UNUSED,1630.2
AdminSettings,C:\Users\bcmad\Downloads\A1Betting7-13.2\frontend\src\components\admin\AdminSettings.tsx,0,0,False,286,"CyberTheme,LiveOddsTicker,PropAnalysis",DELETE_UNUSED,1630.0
ErrorLogs,C:\Users\bcmad\Downloads\A1Betting7-13.2\frontend\src\components\admin\ErrorLogs.tsx,0,0,False,286,"CyberTheme,LiveOddsTicker,PropAnalysis",DELETE_UNUSED,1630.0
ModelSettings,C:\Users\bcmad\Downloads\A1Betting7-13.2\frontend\src\components\admin\ModelSettings.tsx,0,0,False,286,"CyberTheme,LiveOddsTicker,PropAnalysis",DELETE_UNUSED,1630.0
WhatIfSimulator,C:\Users\bcmad\Downloads\A1Betting7-13.2\frontend\src\components\advanced\WhatIfSimulator.tsx,0,0,False,286,"CyberTheme,LiveOddsTicker,PropAnalysis",DELETE_UNUSED,1630.0
ClusteringInsights,C:\Users\bcmad\Downloads\A1Betting7-13.2\frontend\src\components\analytics\ClusteringInsights.tsx,0,0,False,286,"CyberTheme,LiveOddsTicker,PropAnalysis",DELETE_UNUSED,1630.0
EnsembleInsights,C:\Users\bcmad\Downloads\A1Betting7-13.2\frontend\src\components\analytics\EnsembleInsights.tsx,0,0,False,286,"CyberTheme,LiveOddsTicker,PropAnalysis",DELETE_UNUSED,1630.0
HyperMLInsights,C:\Users\bcmad\Downloads\A1Betting7-13.2\frontend\src\components\analytics\HyperMLInsights.tsx,0,0,False,286,"CyberTheme,LiveOddsTicker,PropAnalysis",DELETE_UNUSED,1630.0
ModelComparison,C:\Users\bcmad\Downloads\A1Betting7-13.2\frontend\src\components\analytics\ModelComparison.tsx,0,0,False,286,"CyberTheme,LiveOddsTicker,PropAnalysis",DELETE_UNUSED,1630.0
ModelComparisonChart,C:\Users\bcmad\Downloads\A1Betting7-13.2\frontend\src\components\analytics\ModelComparisonChart.tsx,0,0,False,286,"CyberTheme,LiveOddsTicker,PropAnalysis",DELETE_UNUSED,1630.0
ModelPerformanceDashboard,C:\Users\bcmad\Downloads\A1Betting7-13.2\frontend\src\components\analytics\ModelPerformanceDashboard.tsx,0,0,False,286,"CyberTheme,LiveOddsTicker,PropAnalysis",DELETE_UNUSED,1630.0
PerformanceAlerts,C:\Users\bcmad\Downloads\A1Betting7-13.2\frontend\src\components\analytics\PerformanceAlerts.tsx,0,0,False,286,"CyberTheme,LiveOddsTicker,PropAnalysis",DELETE_UNUSED,1630.0
PerformanceExport,C:\Users\bcmad\Downloads\A1Betting7-13.2\frontend\src\components\analytics\PerformanceExport.tsx,0,0,False,286,"CyberTheme,LiveOddsTicker,PropAnalysis",DELETE_UNUSED,1630.0
PredictionConfidenceGraph,C:\Users\bcmad\Downloads\A1Betting7-13.2\frontend\src\components\analytics\PredictionConfidenceGraph.tsx,0,0,False,286,"CyberTheme,LiveOddsTicker,PropAnalysis",DELETE_UNUSED,1630.0
RealTimeAccuracyDashboard,C:\Users\bcmad\Downloads\A1Betting7-13.2\frontend\src\components\analytics\RealTimeAccuracyDashboard.tsx,0,0,False,286,"CyberTheme,LiveOddsTicker,PropAnalysis",DELETE_UNUSED,1630.0
RealTimeMetrics,C:\Users\bcmad\Downloads\A1Betting7-13.2\frontend\src\components\analytics\RealTimeMetrics.tsx,0,0,False,286,"CyberTheme,LiveOddsTicker,PropAnalysis",DELETE_UNUSED,1630.0
RiskAssessmentMatrix,C:\Users\bcmad\Downloads\A1Betting7-13.2\frontend\src\components\analytics\RiskAssessmentMatrix.tsx,0,0,False,286,"CyberTheme,LiveOddsTicker,PropAnalysis",DELETE_UNUSED,1630.0
RiskInsights,C:\Users\bcmad\Downloads\A1Betting7-13.2\frontend\src\components\analytics\RiskInsights.tsx,0,0,False,286,"CyberTheme,LiveOddsTicker,PropAnalysis",DELETE_UNUSED,1630.0
SHAPInsight,C:\Users\bcmad\Downloads\A1Betting7-13.2\frontend\src\components\analytics\SHAPInsight.tsx,0,0,False,286,"CyberTheme,LiveOddsTicker,PropAnalysis",DELETE_UNUSED,1630.0
TimeSeriesInsights,C:\Users\bcmad\Downloads\A1Betting7-13.2\frontend\src\components\analytics\TimeSeriesInsights.tsx,0,0,False,286,"CyberTheme,LiveOddsTicker,PropAnalysis",DELETE_UNUSED,1630.0
UltraMLInsights,C:\Users\bcmad\Downloads\A1Betting7-13.2\frontend\src\components\analytics\UltraMLInsights.tsx,0,0,False,286,"CyberTheme,LiveOddsTicker,PropAnalysis",DELETE_UNUSED,1630.0
UserStatsSafe,C:\Users\bcmad\Downloads\A1Betting7-13.2\frontend\src\components\analytics\UserStatsSafe.tsx,0,0,False,286,"CyberTheme,LiveOddsTicker,PropAnalysis",DELETE_UNUSED,1630.0
RealTimeAPIIntegrationDashboard,C:\Users\bcmad\Downloads\A1Betting7-13.2\frontend\src\components\api\RealTimeAPIIntegrationDashboard.tsx,0,0,False,286,"CyberTheme,LiveOddsTicker,PropAnalysis",DELETE_UNUSED,1630.0
ApiDebug,C:\Users\bcmad\Downloads\A1Betting7-13.2\frontend\src\components\ApiDebug.tsx,0,0,False,286,"CyberTheme,LiveOddsTicker,PropAnalysis",DELETE_UNUSED,1630.0
ApiErrorBoundary,C:\Users\bcmad\Downloads\A1Betting7-13.2\frontend\src\components\ApiErrorBoundary.tsx,0,0,False,286,"CyberTheme,LiveOddsTicker,PropAnalysis",DELETE_UNUSED,1630.0
UnifiedAuth,C:\Users\bcmad\Downloads\A1Betting7-13.2\frontend\src\components\auth\UnifiedAuth.tsx,0,0,False,286,"CyberTheme,LiveOddsTicker,PropAnalysis",DELETE_UNUSED,1630.0
AuthLayout,C:\Users\bcmad\Downloads\A1Betting7-13.2\frontend\src\components\AuthLayout.tsx,0,0,False,286,"CyberTheme,LiveOddsTicker,PropAnalysis",DELETE_UNUSED,1630.0
BankrollManager,C:\Users\bcmad\Downloads\A1Betting7-13.2\frontend\src\components\features\user\BankrollManager.tsx,0,0,False,286,"CyberTheme,LiveOddsTicker,PropAnalysis",DELETE_UNUSED,1630.0
SkeletonLoader,C:\Users\bcmad\Downloads\A1Betting7-13.2\frontend\src\components\base\SkeletonLoader.tsx,0,0,False,286,"CyberTheme,LiveOddsTicker,PropAnalysis",DELETE_UNUSED,1630.0
BestBetSelector,C:\Users\bcmad\Downloads\A1Betting7-13.2\frontend\src\components\betting\BestBetSelector.tsx,0,0,False,286,"CyberTheme,LiveOddsTicker,PropAnalysis",DELETE_UNUSED,1630.0
BetForm,C:\Users\bcmad\Downloads\A1Betting7-13.2\frontend\src\components\betting\BetForm.tsx,0,0,False,286,"CyberTheme,LiveOddsTicker,PropAnalysis",DELETE_UNUSED,1630.0
BetHistory,C:\Users\bcmad\Downloads\A1Betting7-13.2\frontend\src\components\betting\BetHistory.tsx,0,0,False,286,"CyberTheme,LiveOddsTicker,PropAnalysis",DELETE_UNUSED,1630.0
BettingAnalytics,C:\Users\bcmad\Downloads\A1Betting7-13.2\frontend\src\components\betting\BettingAnalytics.tsx,0,0,False,286,"CyberTheme,LiveOddsTicker,PropAnalysis",DELETE_UNUSED,1630.0
BettingDataSource,C:\Users\bcmad\Downloads\A1Betting7-13.2\frontend\src\components\betting\BettingDataSource.tsx,0,0,False,286,"CyberTheme,LiveOddsTicker,PropAnalysis",DELETE_UNUSED,1630.0
BettingInterface,C:\Users\bcmad\Downloads\A1Betting7-13.2\frontend\src\components\betting\BettingInterface.tsx,0,0,False,286,"CyberTheme,LiveOddsTicker,PropAnalysis",DELETE_UNUSED,1630.0
BettingModal,C:\Users\bcmad\Downloads\A1Betting7-13.2\frontend\src\components\betting\BettingModal.tsx,0,0,False,286,"CyberTheme,LiveOddsTicker,PropAnalysis",DELETE_UNUSED,1630.0
BettingSettingsContainer,C:\Users\bcmad\Downloads\A1Betting7-13.2\frontend\src\components\betting\BettingSettingsContainer.tsx,0,0,False,286,"CyberTheme,LiveOddsTicker,PropAnalysis",DELETE_UNUSED,1630.0
BettingSettingsPanel,C:\Users\bcmad\Downloads\A1Betting7-13.2\frontend\src\components\betting\BettingSettingsPanel.tsx,0,0,False,286,"CyberTheme,LiveOddsTicker,PropAnalysis",DELETE_UNUSED,1630.0
BettingSettingsSummary,C:\Users\bcmad\Downloads\A1Betting7-13.2\frontend\src\components\betting\BettingSettingsSummary.tsx,0,0,False,286,"CyberTheme,LiveOddsTicker,PropAnalysis",DELETE_UNUSED,1630.0
EventList,C:\Users\bcmad\Downloads\A1Betting7-13.2\frontend\src\components\betting\EventList.tsx,0,0,False,286,"CyberTheme,LiveOddsTicker,PropAnalysis",DELETE_UNUSED,1630.0
ModelSelector,C:\Users\bcmad\Downloads\A1Betting7-13.2\frontend\src\components\betting\ModelSelector.tsx,0,0,False,286,"CyberTheme,LiveOddsTicker,PropAnalysis",DELETE_UNUSED,1630.0
OddsDisplay,C:\Users\bcmad\Downloads\A1Betting7-13.2\frontend\src\components\betting\OddsDisplay.tsx,0,0,False,286,"CyberTheme,LiveOddsTicker,PropAnalysis",DELETE_UNUSED,1630.0
PrizePicksEdgeDisplay,C:\Users\bcmad\Downloads\A1Betting7-13.2\frontend\src\components\betting\PrizePicksEdgeDisplay.tsx,0,0,False,286,"CyberTheme,LiveOddsTicker,PropAnalysis",DELETE_UNUSED,1630.0
PrizePicksInterface,C:\Users\bcmad\Downloads\A1Betting7-13.2\frontend\src\components\betting\PrizePicksInterface.tsx,0,0,False,286,"CyberTheme,LiveOddsTicker,PropAnalysis",DELETE_UNUSED,1630.0
StakeSizingControl,C:\Users\bcmad\Downloads\A1Betting7-13.2\frontend\src\components\betting\StakeSizingControl.tsx,0,0,False,286,"CyberTheme,LiveOddsTicker,PropAnalysis",DELETE_UNUSED,1630.0
UnifiedBettingHistory,C:\Users\bcmad\Downloads\A1Betting7-13.2\frontend\src\components\betting\UnifiedBettingHistory.tsx,0,0,False,286,"CyberTheme,LiveOddsTicker,PropAnalysis",DELETE_UNUSED,1630.0
BookmakerAnalysis,C:\Users\bcmad\Downloads\A1Betting7-13.2\frontend\src\components\BookmakerAnalysis.tsx,0,0,False,286,"CyberTheme,LiveOddsTicker,PropAnalysis",DELETE_UNUSED,1630.0
BettingCard,C:\Users\bcmad\Downloads\A1Betting7-13.2\frontend\src\components\builder\BettingCard.tsx,0,0,False,286,"CyberTheme,LiveOddsTicker,PropAnalysis",DELETE_UNUSED,1630.0
BuilderIntegrationTest,C:\Users\bcmad\Downloads\A1Betting7-13.2\frontend\src\components\builder\BuilderIntegrationTest.tsx,0,0,False,286,"CyberTheme,LiveOddsTicker,PropAnalysis",DELETE_UNUSED,1630.0
BuilderPage,C:\Users\bcmad\Downloads\A1Betting7-13.2\frontend\src\components\builder\BuilderPage.tsx,0,0,False,286,"CyberTheme,LiveOddsTicker,PropAnalysis",DELETE_UNUSED,1630.0
ConnectionStatus,C:\Users\bcmad\Downloads\A1Betting7-13.2\frontend\src\components\ConnectionStatus.tsx,0,0,False,286,"CyberTheme,LiveOddsTicker,PropAnalysis",DELETE_UNUSED,1630.0
CyberAnalyticsHub,C:\Users\bcmad\Downloads\A1Betting7-13.2\frontend\src\components\cyber\CyberAnalyticsHub.tsx,0,0,False,286,"CyberTheme,LiveOddsTicker,PropAnalysis",DELETE_UNUSED,1630.0
CyberMLDashboard,C:\Users\bcmad\Downloads\A1Betting7-13.2\frontend\src\components\cyber\CyberMLDashboard.tsx,0,0,False,286,"CyberTheme,LiveOddsTicker,PropAnalysis",DELETE_UNUSED,1630.0
DebugApiStatus,C:\Users\bcmad\Downloads\A1Betting7-13.2\frontend\src\components\DebugApiStatus.tsx,0,0,False,286,"CyberTheme,LiveOddsTicker,PropAnalysis",DELETE_UNUSED,1630.0
DebugPanel,C:\Users\bcmad\Downloads\A1Betting7-13.2\frontend\src\components\DebugPanel.tsx,0,0,False,286,"CyberTheme,LiveOddsTicker,PropAnalysis",DELETE_UNUSED,1630.0
DevelopmentGuide,C:\Users\bcmad\Downloads\A1Betting7-13.2\frontend\src\components\DevelopmentGuide.tsx,0,0,False,286,"CyberTheme,LiveOddsTicker,PropAnalysis",DELETE_UNUSED,1630.0
AIEdgeML,C:\Users\bcmad\Downloads\A1Betting7-13.2\frontend\src\components\elite\AIEdgeML.tsx,0,0,False,286,"CyberTheme,LiveOddsTicker,PropAnalysis",DELETE_UNUSED,1630.0
BusinessAnalysis,C:\Users\bcmad\Downloads\A1Betting7-13.2\frontend\src\components\elite\BusinessAnalysis.tsx,0,0,False,286,"CyberTheme,LiveOddsTicker,PropAnalysis",DELETE_UNUSED,1630.0
index,C:\Users\bcmad\Downloads\A1Betting7-13.2\frontend\src\components\user-friendly\index.tsx,0,0,False,286,"CyberTheme,LiveOddsTicker,PropAnalysis",DELETE_UNUSED,1630.0
EnhancedAPITestDashboard,C:\Users\bcmad\Downloads\A1Betting7-13.2\frontend\src\components\enhanced\EnhancedAPITestDashboard.tsx,0,0,False,286,"CyberTheme,LiveOddsTicker,PropAnalysis",DELETE_UNUSED,1630.0
EnhancedPrizePicks,C:\Users\bcmad\Downloads\A1Betting7-13.2\frontend\src\components\enhanced\EnhancedPrizePicks.tsx,0,0,False,286,"CyberTheme,LiveOddsTicker,PropAnalysis",DELETE_UNUSED,1630.0
EntryCard,C:\Users\bcmad\Downloads\A1Betting7-13.2\frontend\src\components\EntryCard.tsx,0,0,False,286,"CyberTheme,LiveOddsTicker,PropAnalysis",DELETE_UNUSED,1630.0
UnifiedEventDetails,C:\Users\bcmad\Downloads\A1Betting7-13.2\frontend\src\components\events\UnifiedEventDetails.tsx,0,0,False,286,"CyberTheme,LiveOddsTicker,PropAnalysis",DELETE_UNUSED,1630.0
Arbitrage,C:\Users\bcmad\Downloads\A1Betting7-13.2\frontend\src\components\features\betting\Arbitrage.tsx,0,0,False,286,"CyberTheme,LiveOddsTicker,PropAnalysis",DELETE_UNUSED,1630.0
ArbitrageDetector,C:\Users\bcmad\Downloads\A1Betting7-13.2\frontend\src\components\features\betting\ArbitrageDetector.tsx,0,0,False,286,"CyberTheme,LiveOddsTicker,PropAnalysis",DELETE_UNUSED,1630.0
BetBuilder.test,C:\Users\bcmad\Downloads\A1Betting7-13.2\frontend\src\components\features\betting\BetBuilder.test.tsx,0,0,False,286,"CyberTheme,LiveOddsTicker,PropAnalysis",DELETE_UNUSED,1630.0
BetSlipSidebar,C:\Users\bcmad\Downloads\A1Betting7-13.2\frontend\src\components\features\betting\BetSlipSidebar.tsx,0,0,False,286,"CyberTheme,LiveOddsTicker,PropAnalysis",DELETE_UNUSED,1630.0
BettingRecommendations,C:\Users\bcmad\Downloads\A1Betting7-13.2\frontend\src\components\features\betting\BettingRecommendations.tsx,0,0,False,286,"CyberTheme,LiveOddsTicker,PropAnalysis",DELETE_UNUSED,1630.0
BankrollMetrics,C:\Users\bcmad\Downloads\A1Betting7-13.2\frontend\src\components\features\user\BankrollMetrics.tsx,0,0,False,286,"CyberTheme,LiveOddsTicker,PropAnalysis",DELETE_UNUSED,1630.0
FeatureStatusPanel,C:\Users\bcmad\Downloads\A1Betting7-13.2\frontend\src\components\FeatureStatusPanel.tsx,0,0,False,286,"CyberTheme,LiveOddsTicker,PropAnalysis",DELETE_UNUSED,1630.0
CompactFilterBar,C:\Users\bcmad\Downloads\A1Betting7-13.2\frontend\src\components\filters\CompactFilterBar.tsx,0,0,False,286,"CyberTheme,LiveOddsTicker,PropAnalysis",DELETE_UNUSED,1630.0
FluentLiveFilters,C:\Users\bcmad\Downloads\A1Betting7-13.2\frontend\src\components\filters\FluentLiveFilters.tsx,0,0,False,286,"CyberTheme,LiveOddsTicker,PropAnalysis",DELETE_UNUSED,1630.0
InGameTimeFilter,C:\Users\bcmad\Downloads\A1Betting7-13.2\frontend\src\components\filters\InGameTimeFilter.tsx,0,0,False,286,"CyberTheme,LiveOddsTicker,PropAnalysis",DELETE_UNUSED,1630.0
QuantumFilters,C:\Users\bcmad\Downloads\A1Betting7-13.2\frontend\src\components\filters\QuantumFilters.tsx,0,0,False,286,"CyberTheme,LiveOddsTicker,PropAnalysis",DELETE_UNUSED,1630.0
IntegrationStatus,C:\Users\bcmad\Downloads\A1Betting7-13.2\frontend\src\components\IntegrationStatus.tsx,0,0,False,286,"CyberTheme,LiveOddsTicker,PropAnalysis",DELETE_UNUSED,1630.0
EnhancedIntelligenceViews,C:\Users\bcmad\Downloads\A1Betting7-13.2\frontend\src\components\intelligence\EnhancedIntelligenceViews.tsx,0,0,False,286,"CyberTheme,LiveOddsTicker,PropAnalysis",DELETE_UNUSED,1630.0
EnhancedModuleManagement,C:\Users\bcmad\Downloads\A1Betting7-13.2\frontend\src\components\intelligence\EnhancedModuleManagement.tsx,0,0,False,286,"CyberTheme,LiveOddsTicker,PropAnalysis",DELETE_UNUSED,1630.0
EnhancedModuleSection,C:\Users\bcmad\Downloads\A1Betting7-13.2\frontend\src\components\intelligence\EnhancedModuleSection.tsx,0,0,False,286,"CyberTheme,LiveOddsTicker,PropAnalysis",DELETE_UNUSED,1630.0
ModuleEnhancement,C:\Users\bcmad\Downloads\A1Betting7-13.2\frontend\src\components\intelligence\ModuleEnhancement.tsx,0,0,False,286,"CyberTheme,LiveOddsTicker,PropAnalysis",DELETE_UNUSED,1630.0
ModuleEnhancements,C:\Users\bcmad\Downloads\A1Betting7-13.2\frontend\src\components\intelligence\ModuleEnhancements.tsx,0,0,False,286,"CyberTheme,LiveOddsTicker,PropAnalysis",DELETE_UNUSED,1630.0
ModuleManagementEnhanced,C:\Users\bcmad\Downloads\A1Betting7-13.2\frontend\src\components\intelligence\ModuleManagementEnhanced.tsx,0,0,False,286,"CyberTheme,LiveOddsTicker,PropAnalysis",DELETE_UNUSED,1630.0
AdvancedSidebar,C:\Users\bcmad\Downloads\A1Betting7-13.2\frontend\src\components\layout\AdvancedSidebar.tsx,0,0,False,286,"CyberTheme,LiveOddsTicker,PropAnalysis",DELETE_UNUSED,1630.0
CyberHeader,C:\Users\bcmad\Downloads\A1Betting7-13.2\frontend\src\components\layout\CyberHeader.tsx,0,0,False,286,"CyberTheme,LiveOddsTicker,PropAnalysis",DELETE_UNUSED,1630.0
CyberLayout,C:\Users\bcmad\Downloads\A1Betting7-13.2\frontend\src\components\layout\CyberLayout.tsx,0,0,False,286,"CyberTheme,LiveOddsTicker,PropAnalysis",DELETE_UNUSED,1630.0
CyberSidebar,C:\Users\bcmad\Downloads\A1Betting7-13.2\frontend\src\components\layout\CyberSidebar.tsx,0,0,False,286,"CyberTheme,LiveOddsTicker,PropAnalysis",DELETE_UNUSED,1630.0
EliteSportsHeader,C:\Users\bcmad\Downloads\A1Betting7-13.2\frontend\src\components\layout\EliteSportsHeader.tsx,0,0,False,286,"CyberTheme,LiveOddsTicker,PropAnalysis",DELETE_UNUSED,1630.0
EnhancedModernLayout,C:\Users\bcmad\Downloads\A1Betting7-13.2\frontend\src\components\layout\EnhancedModernLayout.tsx,0,0,False,286,"CyberTheme,LiveOddsTicker,PropAnalysis",DELETE_UNUSED,1630.0
SmartLineupBuilder,C:\Users\bcmad\Downloads\A1Betting7-13.2\frontend\src\components\lineup\SmartLineupBuilder.tsx,0,0,False,286,"CyberTheme,LiveOddsTicker,PropAnalysis",DELETE_UNUSED,1630.0
LineupComparisonTable,C:\Users\bcmad\Downloads\A1Betting7-13.2\frontend\src\components\LineupComparisonTable.tsx,0,0,False,286,"CyberTheme,LiveOddsTicker,PropAnalysis",DELETE_UNUSED,1630.0
SavedLineups,C:\Users\bcmad\Downloads\A1Betting7-13.2\frontend\src\components\lineups\SavedLineups.tsx,0,0,False,286,"CyberTheme,LiveOddsTicker,PropAnalysis",DELETE_UNUSED,1630.0
MarketIntelligence,C:\Users\bcmad\Downloads\A1Betting7-13.2\frontend\src\components\market\MarketIntelligence.tsx,0,0,False,286,"CyberTheme,LiveOddsTicker,PropAnalysis",DELETE_UNUSED,1630.0
MarketAnalysisDashboard,C:\Users\bcmad\Downloads\A1Betting7-13.2\frontend\src\components\MarketAnalysisDashboard.tsx,0,0,False,286,"CyberTheme,LiveOddsTicker,PropAnalysis",DELETE_UNUSED,1630.0
CyberTheme,C:\Users\bcmad\Downloads\A1Betting7-13.2\frontend\src\components\mega\CyberTheme.tsx,0,0,False,286,"LiveOddsTicker,PropAnalysis,SafeButton",DELETE_UNUSED,1630.0
MegaAdminPanel,C:\Users\bcmad\Downloads\A1Betting7-13.2\frontend\src\components\mega\MegaAdminPanel.tsx,0,0,False,286,"CyberTheme,LiveOddsTicker,PropAnalysis",DELETE_UNUSED,1630.0
MegaLayout,C:\Users\bcmad\Downloads\A1Betting7-13.2\frontend\src\components\mega\MegaLayout.tsx,0,0,False,286,"CyberTheme,LiveOddsTicker,PropAnalysis",DELETE_UNUSED,1630.0
MegaPrizePicks,C:\Users\bcmad\Downloads\A1Betting7-13.2\frontend\src\components\mega\MegaPrizePicks.tsx,0,0,False,286,"CyberTheme,LiveOddsTicker,PropAnalysis",DELETE_UNUSED,1630.0
MegaUI,C:\Users\bcmad\Downloads\A1Betting7-13.2\frontend\src\components\mega\MegaUI.tsx,0,0,False,286,"CyberTheme,LiveOddsTicker,PropAnalysis",DELETE_UNUSED,1630.0
MLPredictions,C:\Users\bcmad\Downloads\A1Betting7-13.2\frontend\src\components\MLPredictions.tsx,0,0,False,286,"CyberTheme,LiveOddsTicker,PropAnalysis",DELETE_UNUSED,1630.0
MobileOptimizedInterface,C:\Users\bcmad\Downloads\A1Betting7-13.2\frontend\src\components\mobile\MobileOptimizedInterface.tsx,0,0,False,286,"CyberTheme,LiveOddsTicker,PropAnalysis",DELETE_UNUSED,1630.0
MonitoringDashboard,C:\Users\bcmad\Downloads\A1Betting7-13.2\frontend\src\components\monitoring\MonitoringDashboard.tsx,0,0,False,286,"CyberTheme,LiveOddsTicker,PropAnalysis",DELETE_UNUSED,1630.0
PerformanceAlertContainer,C:\Users\bcmad\Downloads\A1Betting7-13.2\frontend\src\components\monitoring\PerformanceAlertContainer.tsx,0,0,False,286,"CyberTheme,LiveOddsTicker,PropAnalysis",DELETE_UNUSED,1630.0
UnifiedNavigation,C:\Users\bcmad\Downloads\A1Betting7-13.2\frontend\src\components\navigation\UnifiedNavigation.tsx,0,0,False,286,"CyberTheme,LiveOddsTicker,PropAnalysis",DELETE_UNUSED,1630.0
NoResultsFallback,C:\Users\bcmad\Downloads\A1Betting7-13.2\frontend\src\components\NoResultsFallback.tsx,0,0,False,286,"CyberTheme,LiveOddsTicker,PropAnalysis",DELETE_UNUSED,1630.0
OllamaStatus,C:\Users\bcmad\Downloads\A1Betting7-13.2\frontend\src\components\OllamaStatus.tsx,0,0,False,286,"CyberTheme,LiveOddsTicker,PropAnalysis",DELETE_UNUSED,1630.0
UltraAccuracyOverview,C:\Users\bcmad\Downloads\A1Betting7-13.2\frontend\src\components\overview\UltraAccuracyOverview.tsx,0,0,False,286,"CyberTheme,LiveOddsTicker,PropAnalysis",DELETE_UNUSED,1630.0
AdvancedConfidenceVisualizer,C:\Users\bcmad\Downloads\A1Betting7-13.2\frontend\src\components\prediction\AdvancedConfidenceVisualizer.tsx,0,0,False,286,"CyberTheme,LiveOddsTicker,PropAnalysis",DELETE_UNUSED,1630.0
BetRecommendationCard,C:\Users\bcmad\Downloads\A1Betting7-13.2\frontend\src\components\prediction\BetRecommendationCard.tsx,0,0,False,286,"CyberTheme,LiveOddsTicker,PropAnalysis",DELETE_UNUSED,1630.0
BetRecommendationList,C:\Users\bcmad\Downloads\A1Betting7-13.2\frontend\src\components\prediction\BetRecommendationList.tsx,0,0,False,286,"CyberTheme,LiveOddsTicker,PropAnalysis",DELETE_UNUSED,1630.0
MoneyMakerResults,C:\Users\bcmad\Downloads\A1Betting7-13.2\frontend\src\components\prediction\MoneyMakerResults.tsx,0,0,False,286,"CyberTheme,LiveOddsTicker,PropAnalysis",DELETE_UNUSED,1630.0
PredictionExplanationModal,C:\Users\bcmad\Downloads\A1Betting7-13.2\frontend\src\components\prediction\PredictionExplanationModal.tsx,0,0,False,286,"CyberTheme,LiveOddsTicker,PropAnalysis",DELETE_UNUSED,1630.0
PredictionForm,C:\Users\bcmad\Downloads\A1Betting7-13.2\frontend\src\components\prediction\PredictionForm.tsx,0,0,False,286,"CyberTheme,LiveOddsTicker,PropAnalysis",DELETE_UNUSED,1630.0
QuantumPredictionsInterface,C:\Users\bcmad\Downloads\A1Betting7-13.2\frontend\src\components\prediction\QuantumPredictionsInterface.tsx,0,0,False,286,"CyberTheme,LiveOddsTicker,PropAnalysis",DELETE_UNUSED,1630.0
ShapValueBar,C:\Users\bcmad\Downloads\A1Betting7-13.2\frontend\src\components\prediction\ShapValueBar.tsx,0,0,False,286,"CyberTheme,LiveOddsTicker,PropAnalysis",DELETE_UNUSED,1630.0
UltraAccuracyDashboard,C:\Users\bcmad\Downloads\A1Betting7-13.2\frontend\src\components\prediction\UltraAccuracyDashboard.tsx,0,0,False,286,"CyberTheme,LiveOddsTicker,PropAnalysis",DELETE_UNUSED,1630.0
UncertaintyIndicator,C:\Users\bcmad\Downloads\A1Betting7-13.2\frontend\src\components\prediction\UncertaintyIndicator.tsx,0,0,False,286,"CyberTheme,LiveOddsTicker,PropAnalysis",DELETE_UNUSED,1630.0
UnifiedPredictionInterface,C:\Users\bcmad\Downloads\A1Betting7-13.2\frontend\src\components\prediction\UnifiedPredictionInterface.tsx,0,0,False,286,"CyberTheme,LiveOddsTicker,PropAnalysis",DELETE_UNUSED,1630.0
DailyFantasyIntegration,C:\Users\bcmad\Downloads\A1Betting7-13.2\frontend\src\components\predictions\DailyFantasyIntegration.tsx,0,0,False,286,"CyberTheme,LiveOddsTicker,PropAnalysis",DELETE_UNUSED,1630.0
FantasyPredictionEnhancer,C:\Users\bcmad\Downloads\A1Betting7-13.2\frontend\src\components\predictions\FantasyPredictionEnhancer.tsx,0,0,False,286,"CyberTheme,LiveOddsTicker,PropAnalysis",DELETE_UNUSED,1630.0
LivePredictions,C:\Users\bcmad\Downloads\A1Betting7-13.2\frontend\src\components\predictions\LivePredictions.tsx,0,0,False,286,"CyberTheme,LiveOddsTicker,PropAnalysis",DELETE_UNUSED,1630.0
PayoutPreviewPanel,C:\Users\bcmad\Downloads\A1Betting7-13.2\frontend\src\components\predictions\PayoutPreviewPanel.tsx,0,0,False,286,"CyberTheme,LiveOddsTicker,PropAnalysis",DELETE_UNUSED,1630.0
PredictionGenerator,C:\Users\bcmad\Downloads\A1Betting7-13.2\frontend\src\components\predictions\PredictionGenerator.tsx,0,0,False,286,"CyberTheme,LiveOddsTicker,PropAnalysis",DELETE_UNUSED,1630.0
SHAPChart,C:\Users\bcmad\Downloads\A1Betting7-13.2\frontend\src\components\predictions\SHAPChart.tsx,0,0,False,286,"CyberTheme,LiveOddsTicker,PropAnalysis",DELETE_UNUSED,1630.0
UniversalPredictions,C:\Users\bcmad\Downloads\A1Betting7-13.2\frontend\src\components\predictions\UniversalPredictions.tsx,0,0,False,286,"CyberTheme,LiveOddsTicker,PropAnalysis",DELETE_UNUSED,1630.0
ProfilePage,C:\Users\bcmad\Downloads\A1Betting7-13.2\frontend\src\components\profile\ProfilePage.tsx,0,0,False,286,"CyberTheme,LiveOddsTicker,PropAnalysis",DELETE_UNUSED,1630.0
UnifiedProfile,C:\Users\bcmad\Downloads\A1Betting7-13.2\frontend\src\components\profile\UnifiedProfile.tsx,0,0,False,286,"CyberTheme,LiveOddsTicker,PropAnalysis",DELETE_UNUSED,1630.0
PropAnalysis,C:\Users\bcmad\Downloads\A1Betting7-13.2\frontend\src\components\PropAnalysis.tsx,0,0,False,286,"CyberTheme,LiveOddsTicker,SafeButton",DELETE_UNUSED,1630.0
PropGPT,C:\Users\bcmad\Downloads\A1Betting7-13.2\frontend\src\components\PropGPT.tsx,0,0,False,286,"CyberTheme,LiveOddsTicker,PropAnalysis",DELETE_UNUSED,1630.0
RealTimeDataStream,C:\Users\bcmad\Downloads\A1Betting7-13.2\frontend\src\components\realtime\RealTimeDataStream.tsx,0,0,False,286,"CyberTheme,LiveOddsTicker,PropAnalysis",DELETE_UNUSED,1630.0
RealTimeUpdates,C:\Users\bcmad\Downloads\A1Betting7-13.2\frontend\src\components\RealTimeUpdates.tsx,0,0,False,286,"CyberTheme,LiveOddsTicker,PropAnalysis",DELETE_UNUSED,1630.0
EnhancedRevolutionaryInterface,C:\Users\bcmad\Downloads\A1Betting7-13.2\frontend\src\components\revolutionary\EnhancedRevolutionaryInterface.tsx,0,0,False,286,"CyberTheme,LiveOddsTicker,PropAnalysis",DELETE_UNUSED,1630.0
RevolutionaryAccuracyInterface,C:\Users\bcmad\Downloads\A1Betting7-13.2\frontend\src\components\revolutionary\RevolutionaryAccuracyInterface.tsx,0,0,False,286,"CyberTheme,LiveOddsTicker,PropAnalysis",DELETE_UNUSED,1630.0
UltimateSettingsPage,C:\Users\bcmad\Downloads\A1Betting7-13.2\frontend\src\components\settings\UltimateSettingsPage.tsx,0,0,False,286,"CyberTheme,LiveOddsTicker,PropAnalysis",DELETE_UNUSED,1630.0
UnifiedSettingsInterface,C:\Users\bcmad\Downloads\A1Betting7-13.2\frontend\src\components\settings\UnifiedSettingsInterface.tsx,0,0,False,286,"CyberTheme,LiveOddsTicker,PropAnalysis",DELETE_UNUSED,1630.0
BettingButton,C:\Users\bcmad\Downloads\A1Betting7-13.2\frontend\src\components\shared\common\buttons\BettingButton.tsx,0,0,False,286,"CyberTheme,LiveOddsTicker,PropAnalysis",DELETE_UNUSED,1630.0
BettingButtonGroup,C:\Users\bcmad\Downloads\A1Betting7-13.2\frontend\src\components\shared\common\buttons\BettingButtonGroup.tsx,0,0,False,286,"CyberTheme,LiveOddsTicker,PropAnalysis",DELETE_UNUSED,1630.0
QuickBetButton,C:\Users\bcmad\Downloads\A1Betting7-13.2\frontend\src\components\shared\common\buttons\QuickBetButton.tsx,0,0,False,286,"CyberTheme,LiveOddsTicker,PropAnalysis",DELETE_UNUSED,1630.0
DataUnavailableMessage,C:\Users\bcmad\Downloads\A1Betting7-13.2\frontend\src\components\shared\common\DataUnavailableMessage.tsx,0,0,False,286,"CyberTheme,LiveOddsTicker,PropAnalysis",DELETE_UNUSED,1630.0
MainLayout,C:\Users\bcmad\Downloads\A1Betting7-13.2\frontend\src\components\shared\common\layout\MainLayout.tsx,0,0,False,286,"CyberTheme,LiveOddsTicker,PropAnalysis",DELETE_UNUSED,1630.0
RiskLevelIndicator,C:\Users\bcmad\Downloads\A1Betting7-13.2\frontend\src\components\shared\common\RiskLevelIndicator.tsx,0,0,False,286,"CyberTheme,LiveOddsTicker,PropAnalysis",DELETE_UNUSED,1630.0
SafeButton,C:\Users\bcmad\Downloads\A1Betting7-13.2\frontend\src\components\shared\common\SafeButton.tsx,0,0,False,286,"CyberTheme,LiveOddsTicker,PropAnalysis",DELETE_UNUSED,1630.0
ToastProvider,C:\Users\bcmad\Downloads\A1Betting7-13.2\frontend\src\components\shared\common\ToastProvider.tsx,0,0,False,286,"CyberTheme,LiveOddsTicker,PropAnalysis",DELETE_UNUSED,1630.0
ValidationStatus,C:\Users\bcmad\Downloads\A1Betting7-13.2\frontend\src\components\shared\common\ValidationStatus.tsx,0,0,False,286,"CyberTheme,LiveOddsTicker,PropAnalysis",DELETE_UNUSED,1630.0
RiskReasoningDisplay,C:\Users\bcmad\Downloads\A1Betting7-13.2\frontend\src\components\shared\RiskReasoningDisplay.tsx,0,0,False,286,"CyberTheme,LiveOddsTicker,PropAnalysis",DELETE_UNUSED,1630.0
advanced-charts,C:\Users\bcmad\Downloads\A1Betting7-13.2\frontend\src\components\shared\ui\advanced-charts.tsx,0,0,False,286,"CyberTheme,LiveOddsTicker,PropAnalysis",DELETE_UNUSED,1630.0
tabs-simple,C:\Users\bcmad\Downloads\A1Betting7-13.2\frontend\src\components\shared\ui\tabs-simple.tsx,0,0,False,286,"CyberTheme,LiveOddsTicker,PropAnalysis",DELETE_UNUSED,1630.0
SimpleToaster,C:\Users\bcmad\Downloads\A1Betting7-13.2\frontend\src\components\SimpleToaster.tsx,0,0,False,286,"CyberTheme,LiveOddsTicker,PropAnalysis",DELETE_UNUSED,1630.0
UnifiedMoneyMakerIntegration,C:\Users\bcmad\Downloads\A1Betting7-13.2\frontend\src\components\strategy\UnifiedMoneyMakerIntegration.tsx,0,0,False,286,"CyberTheme,LiveOddsTicker,PropAnalysis",DELETE_UNUSED,1630.0
UnifiedStrategyConfig,C:\Users\bcmad\Downloads\A1Betting7-13.2\frontend\src\components\strategy\UnifiedStrategyConfig.tsx,0,0,False,286,"CyberTheme,LiveOddsTicker,PropAnalysis",DELETE_UNUSED,1630.0
UnifiedStrategyEngineDisplay,C:\Users\bcmad\Downloads\A1Betting7-13.2\frontend\src\components\strategy\UnifiedStrategyEngineDisplay.tsx,0,0,False,286,"CyberTheme,LiveOddsTicker,PropAnalysis",DELETE_UNUSED,1630.0
StrategyAutomationToggle,C:\Users\bcmad\Downloads\A1Betting7-13.2\frontend\src\components\StrategyAutomationToggle.tsx,0,0,False,286,"CyberTheme,LiveOddsTicker,PropAnalysis",DELETE_UNUSED,1630.0
ThemeDemo,C:\Users\bcmad\Downloads\A1Betting7-13.2\frontend\src\components\ThemeDemo.tsx,0,0,False,286,"CyberTheme,LiveOddsTicker,PropAnalysis",DELETE_UNUSED,1630.0
ToggleSidebar,C:\Users\bcmad\Downloads\A1Betting7-13.2\frontend\src\components\ToggleSidebar.tsx,0,0,False,286,"CyberTheme,LiveOddsTicker,PropAnalysis",DELETE_UNUSED,1630.0
TrendingProps,C:\Users\bcmad\Downloads\A1Betting7-13.2\frontend\src\components\TrendingProps.tsx,0,0,False,286,"CyberTheme,LiveOddsTicker,PropAnalysis",DELETE_UNUSED,1630.0
IntelligentMergedInterface,C:\Users\bcmad\Downloads\A1Betting7-13.2\frontend\src\components\unified\IntelligentMergedInterface.tsx,0,0,False,286,"CyberTheme,LiveOddsTicker,PropAnalysis",DELETE_UNUSED,1630.0
ArbitrageHunter,C:\Users\bcmad\Downloads\A1Betting7-13.2\frontend\src\components\user-friendly\ArbitrageHunter.tsx,0,0,False,286,"CyberTheme,LiveOddsTicker,PropAnalysis",DELETE_UNUSED,1630.0
ComprehensiveUserProfile,C:\Users\bcmad\Downloads\A1Betting7-13.2\frontend\src\components\user-friendly\ComprehensiveUserProfile.tsx,0,0,False,286,"CyberTheme,LiveOddsTicker,PropAnalysis",DELETE_UNUSED,1630.0
ConsolidatedUserProfile,C:\Users\bcmad\Downloads\A1Betting7-13.2\frontend\src\components\user-friendly\ConsolidatedUserProfile.tsx,0,0,False,286,"CyberTheme,LiveOddsTicker,PropAnalysis",DELETE_UNUSED,1630.0
PortfolioCommander,C:\Users\bcmad\Downloads\A1Betting7-13.2\frontend\src\components\user-friendly\PortfolioCommander.tsx,0,0,False,286,"CyberTheme,LiveOddsTicker,PropAnalysis",DELETE_UNUSED,1630.0
RiskEngineInterface,C:\Users\bcmad\Downloads\A1Betting7-13.2\frontend\src\components\user-friendly\RiskEngineInterface.tsx,0,0,False,286,"CyberTheme,LiveOddsTicker,PropAnalysis",DELETE_UNUSED,1630.0
SettingsTest,C:\Users\bcmad\Downloads\A1Betting7-13.2\frontend\src\components\user-friendly\SettingsTest.tsx,0,0,False,286,"CyberTheme,LiveOddsTicker,PropAnalysis",DELETE_UNUSED,1630.0
SimpleSettings,C:\Users\bcmad\Downloads\A1Betting7-13.2\frontend\src\components\user-friendly\SimpleSettings.tsx,0,0,False,286,"CyberTheme,LiveOddsTicker,PropAnalysis",DELETE_UNUSED,1630.0
UltimateOpportunityScanner,C:\Users\bcmad\Downloads\A1Betting7-13.2\frontend\src\components\user-friendly\UltimateOpportunityScanner.tsx,0,0,False,286,"CyberTheme,LiveOddsTicker,PropAnalysis",DELETE_UNUSED,1630.0
UserFriendlyApp_fixed,C:\Users\bcmad\Downloads\A1Betting7-13.2\frontend\src\components\user-friendly\UserFriendlyApp_fixed.tsx,0,0,False,286,"CyberTheme,LiveOddsTicker,PropAnalysis",DELETE_UNUSED,1630.0
UserFriendlyDashboard_Production,C:\Users\bcmad\Downloads\A1Betting7-13.2\frontend\src\components\user-friendly\UserFriendlyDashboard_Production.tsx,0,0,False,286,"CyberTheme,LiveOddsTicker,PropAnalysis",DELETE_UNUSED,1630.0
WebSocketBatchingAnalytics,C:\Users\bcmad\Downloads\A1Betting7-13.2\frontend\src\components\WebSocketBatchingAnalytics.tsx,0,0,False,286,"CyberTheme,LiveOddsTicker,PropAnalysis",DELETE_UNUSED,1630.0
WebSocketLoadBalancerAnalytics,C:\Users\bcmad\Downloads\A1Betting7-13.2\frontend\src\components\WebSocketLoadBalancerAnalytics.tsx,0,0,False,286,"CyberTheme,LiveOddsTicker,PropAnalysis",DELETE_UNUSED,1630.0
WebSocketSecurityDashboard,C:\Users\bcmad\Downloads\A1Betting7-13.2\frontend\src\components\WebSocketSecurityDashboard.tsx,0,0,False,286,"CyberTheme,LiveOddsTicker,PropAnalysis",DELETE_UNUSED,1630.0
input,C:\Users\bcmad\Downloads\A1Betting7-13.2\frontend\src\components\shared\ui\input.tsx,124,2,False,0,,ADD_TESTS,1440.2
ArbitragePage,C:\Users\bcmad\Downloads\A1Betting7-13.2\frontend\src\components\ArbitragePage.tsx,0,0,True,286,"CyberTheme,LiveOddsTicker,PropAnalysis",DELETE_UNUSED,1430.0
BetBuilder,C:\Users\bcmad\Downloads\A1Betting7-13.2\frontend\src\components\features\betting\BetBuilder.tsx,0,0,True,286,"CyberTheme,LiveOddsTicker,PropAnalysis",DELETE_UNUSED,1430.0
RiskManagerPage,C:\Users\bcmad\Downloads\A1Betting7-13.2\frontend\src\components\RiskManagerPage.tsx,0,0,True,286,"CyberTheme,LiveOddsTicker,PropAnalysis",DELETE_UNUSED,1430.0
select,C:\Users\bcmad\Downloads\A1Betting7-13.2\frontend\src\components\shared\ui\select.tsx,110,13,False,0,,ADD_TESTS,1301.3
label,C:\Users\bcmad\Downloads\A1Betting7-13.2\frontend\src\components\shared\ui\label.tsx,106,2,False,1,Label,ADD_TESTS,1265.2
Settings,C:\Users\bcmad\Downloads\A1Betting7-13.2\frontend\src\components\user-friendly\Settings.tsx,53,2,False,2,Settings,ADD_TESTS,740.2
Card,C:\Users\bcmad\Downloads\A1Betting7-13.2\frontend\src\components\base\Card.tsx,32,3,False,0,,ADD_TESTS,520.3
Tooltip,C:\Users\bcmad\Downloads\A1Betting7-13.2\frontend\src\components\base\Tooltip.tsx,21,12,False,0,,ADD_TESTS,411.2
Badge,C:\Users\bcmad\Downloads\A1Betting7-13.2\frontend\src\components\base\Badge.tsx,21,3,False,0,,ADD_TESTS,410.3
Button,C:\Users\bcmad\Downloads\A1Betting7-13.2\frontend\src\components\base\Button.tsx,20,5,False,0,,ADD_TESTS,400.5
ErrorBoundary,C:\Users\bcmad\Downloads\A1Betting7-13.2\frontend\src\components\shared\ErrorBoundary.tsx,12,3,False,0,,ADD_TESTS,320.3
ShapExplanation.test,C:\Users\bcmad\Downloads\A1Betting7-13.2\frontend\src\components\prediction\__tests__\ShapExplanation.test.tsx,0,0,False,22,"PredictionExplanationModal.test,FantasyPredictionEnhancer.test,ConfidenceBandChart.test",DELETE_UNUSED,310.0
Tabs,C:\Users\bcmad\Downloads\A1Betting7-13.2\frontend\src\components\base\Tabs.tsx,8,29,False,0,,ADD_TESTS,282.9
Alert,C:\Users\bcmad\Downloads\A1Betting7-13.2\frontend\src\components\base\Alert.tsx,8,2,False,0,,ADD_TESTS,280.2
UserProfile,C:\Users\bcmad\Downloads\A1Betting7-13.2\frontend\src\components\UserProfile.tsx,7,4,False,0,,ADD_TESTS,270.4
MetricCard,C:\Users\bcmad\Downloads\A1Betting7-13.2\frontend\src\components\shared\ui\MetricCard.tsx,6,17,False,0,,ADD_TESTS,261.7
LoadingOverlay,C:\Users\bcmad\Downloads\A1Betting7-13.2\frontend\src\components\shared\ui\LoadingOverlay.tsx,6,10,False,0,,ADD_TESTS,261.0
RiskAssessmentMatrix.test,C:\Users\bcmad\Downloads\A1Betting7-13.2\frontend\src\components\analytics\__tests__\RiskAssessmentMatrix.test.tsx,0,0,False,11,"PredictionExplanationModal.test,FantasyPredictionEnhancer.test,ConfidenceBandChart.test",DELETE_UNUSED,255.0
BetRecommendationCard.test,C:\Users\bcmad\Downloads\A1Betting7-13.2\frontend\src\components\prediction\__tests__\BetRecommendationCard.test.tsx,0,0,False,11,"PredictionExplanationModal.test,FantasyPredictionEnhancer.test,ConfidenceBandChart.test",DELETE_UNUSED,255.0
BetRecommendationList.test,C:\Users\bcmad\Downloads\A1Betting7-13.2\frontend\src\components\prediction\__tests__\BetRecommendationList.test.tsx,0,0,False,11,"PredictionExplanationModal.test,FantasyPredictionEnhancer.test,ConfidenceBandChart.test",DELETE_UNUSED,255.0
PredictionExplanationModal.test,C:\Users\bcmad\Downloads\A1Betting7-13.2\frontend\src\components\prediction\__tests__\PredictionExplanationModal.test.tsx,0,0,False,11,"FantasyPredictionEnhancer.test,ConfidenceBandChart.test,ShapExplanation.test",DELETE_UNUSED,255.0
DailyFantasyIntegration.test,C:\Users\bcmad\Downloads\A1Betting7-13.2\frontend\src\components\predictions\__tests__\DailyFantasyIntegration.test.tsx,0,0,False,11,"PredictionExplanationModal.test,FantasyPredictionEnhancer.test,ConfidenceBandChart.test",DELETE_UNUSED,255.0
FantasyPredictionEnhancer.test,C:\Users\bcmad\Downloads\A1Betting7-13.2\frontend\src\components\predictions\__tests__\FantasyPredictionEnhancer.test.tsx,0,0,False,11,"PredictionExplanationModal.test,ConfidenceBandChart.test,ShapExplanation.test",DELETE_UNUSED,255.0
PredictionGenerator.test,C:\Users\bcmad\Downloads\A1Betting7-13.2\frontend\src\components\predictions\__tests__\PredictionGenerator.test.tsx,0,0,False,11,"PredictionExplanationModal.test,FantasyPredictionEnhancer.test,ConfidenceBandChart.test",DELETE_UNUSED,255.0
BankrollTracker.test,C:\Users\bcmad\Downloads\A1Betting7-13.2\frontend\src\components\shared\ui\__tests__\BankrollTracker.test.tsx,0,0,False,11,"PredictionExplanationModal.test,FantasyPredictionEnhancer.test,ConfidenceBandChart.test",DELETE_UNUSED,255.0
ConfidenceBandChart.test,C:\Users\bcmad\Downloads\A1Betting7-13.2\frontend\src\components\shared\ui\__tests__\ConfidenceBandChart.test.tsx,0,0,False,11,"PredictionExplanationModal.test,FantasyPredictionEnhancer.test,ShapExplanation.test",DELETE_UNUSED,255.0
UserFriendlyApp.test,C:\Users\bcmad\Downloads\A1Betting7-13.2\frontend\src\components\user-friendly\__tests__\UserFriendlyApp.test.tsx,0,0,False,11,"PredictionExplanationModal.test,FantasyPredictionEnhancer.test,ConfidenceBandChart.test",DELETE_UNUSED,255.0
PerformanceMonitoringDashboard,C:\Users\bcmad\Downloads\A1Betting7-13.2\frontend\src\components\phase4\PerformanceMonitoringDashboard.tsx,5,48,False,0,,ADD_TESTS,254.8
CondensedPropCard,C:\Users\bcmad\Downloads\A1Betting7-13.2\frontend\src\components\CondensedPropCard.tsx,5,16,False,0,,ADD_TESTS,251.6
PropFilters,C:\Users\bcmad\Downloads\A1Betting7-13.2\frontend\src\components\filters\PropFilters.tsx,5,11,False,0,,ADD_TESTS,251.1
PropSorting,C:\Users\bcmad\Downloads\A1Betting7-13.2\frontend\src\components\sorting\PropSorting.tsx,5,5,False,0,,ADD_TESTS,250.5
Progress,C:\Users\bcmad\Downloads\A1Betting7-13.2\frontend\src\components\base\Progress.tsx,5,2,False,0,,ADD_TESTS,250.2
Input,C:\Users\bcmad\Downloads\A1Betting7-13.2\frontend\src\components\base\Input.tsx,4,3,False,1,Select,ADD_TESTS,245.3
Select,C:\Users\bcmad\Downloads\A1Betting7-13.2\frontend\src\components\base\Select.tsx,4,1,False,1,Input,ADD_TESTS,245.1
PlayerDashboardContainer,C:\Users\bcmad\Downloads\A1Betting7-13.2\frontend\src\components\player\PlayerDashboardContainer.tsx,4,48,False,0,,ADD_TESTS,244.8
UserFriendlyApp,C:\Users\bcmad\Downloads\A1Betting7-13.2\frontend\src\components\user-friendly\__mocks__\UserFriendlyApp.tsx,4,16,False,0,,ADD_TESTS,241.6
Spinner,C:\Users\bcmad\Downloads\A1Betting7-13.2\frontend\src\components\base\Spinner.tsx,4,4,False,0,,ADD_TESTS,240.4
AllFeatures.test,C:\Users\bcmad\Downloads\A1Betting7-13.2\frontend\src\components\AllFeatures.test.tsx,0,2,False,7,"PayoutPreview.test,AnalyticsDashboard.test,featureCoverage.test",DELETE_UNUSED,235.2
AnalyticsDashboard.test,C:\Users\bcmad\Downloads\A1Betting7-13.2\frontend\src\components\analytics\AnalyticsDashboard.test.tsx,0,2,False,7,"PayoutPreview.test,featureCoverage.test,BankrollPage.test",DELETE_UNUSED,235.2
ArbitragePage.test,C:\Users\bcmad\Downloads\A1Betting7-13.2\frontend\src\components\ArbitragePage.test.tsx,0,2,False,7,"PayoutPreview.test,AnalyticsDashboard.test,featureCoverage.test",DELETE_UNUSED,235.2
BankrollPage.test,C:\Users\bcmad\Downloads\A1Betting7-13.2\frontend\src\components\BankrollPage.test.tsx,0,2,False,7,"PayoutPreview.test,AnalyticsDashboard.test,featureCoverage.test",DELETE_UNUSED,235.2
SmartControlsBar.test,C:\Users\bcmad\Downloads\A1Betting7-13.2\frontend\src\components\controls\SmartControlsBar.test.tsx,0,2,False,7,"PayoutPreview.test,AnalyticsDashboard.test,featureCoverage.test",DELETE_UNUSED,235.2
featureCoverage.test,C:\Users\bcmad\Downloads\A1Betting7-13.2\frontend\src\components\featureCoverage.test.tsx,0,2,False,7,"PayoutPreview.test,AnalyticsDashboard.test,BankrollPage.test",DELETE_UNUSED,235.2
PayoutPreview.test,C:\Users\bcmad\Downloads\A1Betting7-13.2\frontend\src\components\PayoutPreview.test.tsx,0,2,False,7,"AnalyticsDashboard.test,featureCoverage.test,BankrollPage.test",DELETE_UNUSED,235.2
RiskManagerPage.test,C:\Users\bcmad\Downloads\A1Betting7-13.2\frontend\src\components\RiskManagerPage.test.tsx,0,2,False,7,"PayoutPreview.test,AnalyticsDashboard.test,featureCoverage.test",DELETE_UNUSED,235.2
PropFinderDashboard,C:\Users\bcmad\Downloads\A1Betting7-13.2\frontend\src\components\dashboard\PropFinderDashboard.tsx,2,129,False,0,,ADD_TESTS,232.9
MovementAnalysis,C:\Users\bcmad\Downloads\A1Betting7-13.2\frontend\src\components\analysis\MovementAnalysis.tsx,3,22,False,0,,ADD_TESTS,232.2
MultiBookOddsChart,C:\Users\bcmad\Downloads\A1Betting7-13.2\frontend\src\components\charts\MultiBookOddsChart.tsx,3,13,False,0,,ADD_TESTS,231.3
StatusBadge,C:\Users\bcmad\Downloads\A1Betting7-13.2\frontend\src\components\shared\StatusBadge.tsx,3,8,False,0,,ADD_TESTS,230.8
BetSlipComponent,C:\Users\bcmad\Downloads\A1Betting7-13.2\frontend\src\components\betting\BetSlipComponent.tsx,3,6,False,0,,ADD_TESTS,230.6
HolographicText,C:\Users\bcmad\Downloads\A1Betting7-13.2\frontend\src\components\shared\ui\HolographicText.tsx,3,5,False,0,,ADD_TESTS,230.5
ErrorDisplay,C:\Users\bcmad\Downloads\A1Betting7-13.2\frontend\src\components\shared\ErrorDisplay.tsx,3,4,False,0,,ADD_TESTS,230.4
GlassCard,C:\Users\bcmad\Downloads\A1Betting7-13.2\frontend\src\components\shared\ui\GlassCard.tsx,3,4,False,0,,ADD_TESTS,230.4
LoadingSkeleton,C:\Users\bcmad\Downloads\A1Betting7-13.2\frontend\src\components\shared\common\LoadingSkeleton.tsx,3,2,False,0,,ADD_TESTS,230.2
PerformanceLineComparison,C:\Users\bcmad\Downloads\A1Betting7-13.2\frontend\src\components\charts\PerformanceLineComparison.tsx,2,101,False,0,,ADD_TESTS,230.1
LoadingSpinner,C:\Users\bcmad\Downloads\A1Betting7-13.2\frontend\src\components\core\LoadingSpinner.tsx,3,0,False,0,,ADD_TESTS,230.0
AdvancedSearchPanel,C:\Users\bcmad\Downloads\A1Betting7-13.2\frontend\src\components\search\AdvancedSearchPanel.tsx,2,68,False,0,,ADD_TESTS,226.8
OddsConsensusWidget,C:\Users\bcmad\Downloads\A1Betting7-13.2\frontend\src\components\odds\OddsConsensusWidget.tsx,2,7,False,1,BestBookWidget,ADD_TESTS,225.7
BestBookWidget,C:\Users\bcmad\Downloads\A1Betting7-13.2\frontend\src\components\odds\BestBookWidget.tsx,2,5,False,1,OddsConsensusWidget,ADD_TESTS,225.5
PlayerPropHistory,C:\Users\bcmad\Downloads\A1Betting7-13.2\frontend\src\components\player\PlayerPropHistory.tsx,2,3,False,1,PlayerStatTrends,ADD_TESTS,225.3
PlayerStatTrends,C:\Users\bcmad\Downloads\A1Betting7-13.2\frontend\src\components\player\PlayerStatTrends.tsx,2,3,False,1,PlayerPropHistory,ADD_TESTS,225.3
Label,C:\Users\bcmad\Downloads\A1Betting7-13.2\frontend\src\components\base\Label.tsx,2,2,False,1,label,ADD_TESTS,225.2
BetSlip,C:\Users\bcmad\Downloads\A1Betting7-13.2\frontend\src\components\betting\BetSlip.tsx,2,2,False,1,PredictionDisplay,ADD_TESTS,225.2
SearchResultsDisplay,C:\Users\bcmad\Downloads\A1Betting7-13.2\frontend\src\components\search\SearchResultsDisplay.tsx,2,43,False,0,,ADD_TESTS,224.3
PropOllama,C:\Users\bcmad\Downloads\A1Betting7-13.2\frontend\src\components\user-friendly\PropOllama.tsx,2,39,False,0,,ADD_TESTS,223.9
AdvancedPerformanceCharts,C:\Users\bcmad\Downloads\A1Betting7-13.2\frontend\src\components\charts\AdvancedPerformanceCharts.tsx,2,36,False,0,,ADD_TESTS,223.6
SHAPAnalysis,C:\Users\bcmad\Downloads\A1Betting7-13.2\frontend\src\components\SHAPAnalysis.tsx,2,36,False,0,,ADD_TESTS,223.6
AdvancedFilters,C:\Users\bcmad\Downloads\A1Betting7-13.2\frontend\src\components\core\AdvancedFilters.tsx,2,34,False,0,,ADD_TESTS,223.4
AIExplanationPanel,C:\Users\bcmad\Downloads\A1Betting7-13.2\frontend\src\components\ai\AIExplanationPanel.tsx,2,31,False,0,,ADD_TESTS,223.1
Analytics,C:\Users\bcmad\Downloads\A1Betting7-13.2\frontend\src\components\features\analytics\Analytics.tsx,1,131,False,0,,ADD_TESTS,223.1
PlayerLineTrendChart,C:\Users\bcmad\Downloads\A1Betting7-13.2\frontend\src\components\charts\PlayerLineTrendChart.tsx,2,26,False,0,,ADD_TESTS,222.6
ParticleField,C:\Users\bcmad\Downloads\A1Betting7-13.2\frontend\src\components\shared\ui\ParticleField.tsx,2,24,False,0,,ADD_TESTS,222.4
AdvancedPredictions,C:\Users\bcmad\Downloads\A1Betting7-13.2\frontend\src\components\phase3\AdvancedPredictions.tsx,2,22,False,0,,ADD_TESTS,222.2
ValuePanel,C:\Users\bcmad\Downloads\A1Betting7-13.2\frontend\src\components\odds\ValuePanel.tsx,2,21,False,0,,ADD_TESTS,222.1
PropOllamaUnified,C:\Users\bcmad\Downloads\A1Betting7-13.2\frontend\src\components\PropOllamaUnified.tsx,2,19,False,0,,ADD_TESTS,221.9
BettingFilters,C:\Users\bcmad\Downloads\A1Betting7-13.2\frontend\src\components\shared\ui\betting\BettingFilters.tsx,2,18,False,0,,ADD_TESTS,221.8
ApiHealthIndicator,C:\Users\bcmad\Downloads\A1Betting7-13.2\frontend\src\components\ApiHealthIndicator.tsx,2,17,False,0,,ADD_TESTS,221.7
PasswordChangeForm,C:\Users\bcmad\Downloads\A1Betting7-13.2\frontend\src\components\auth\PasswordChangeForm.tsx,2,17,False,0,,ADD_TESTS,221.7
Register,C:\Users\bcmad\Downloads\A1Betting7-13.2\frontend\src\components\Register.tsx,2,16,False,0,,ADD_TESTS,221.6
StatcastMetrics,C:\Users\bcmad\Downloads\A1Betting7-13.2\frontend\src\components\StatcastMetrics.tsx,2,14,False,0,,ADD_TESTS,221.4
ComprehensiveAdminDashboard,C:\Users\bcmad\Downloads\A1Betting7-13.2\frontend\src\components\comprehensive\ComprehensiveAdminDashboard.tsx,2,13,False,0,,ADD_TESTS,221.3
EnhancedErrorBoundary,C:\Users\bcmad\Downloads\A1Betting7-13.2\frontend\src\components\shared\ui\EnhancedErrorBoundary.tsx,2,13,False,0,,ADD_TESTS,221.3
UnifiedBettingInterface,C:\Users\bcmad\Downloads\A1Betting7-13.2\frontend\src\components\betting\UnifiedBettingInterface.tsx,2,12,False,0,,ADD_TESTS,221.2
PlayerAvatar,C:\Users\bcmad\Downloads\A1Betting7-13.2\frontend\src\components\PlayerAvatar.tsx,2,12,False,0,,ADD_TESTS,221.2
Phase4Banner,C:\Users\bcmad\Downloads\A1Betting7-13.2\frontend\src\components\phase4\Phase4Banner.tsx,2,11,False,0,,ADD_TESTS,221.1
OfflineQueue,C:\Users\bcmad\Downloads\A1Betting7-13.2\frontend\src\components\observability\OfflineQueue.tsx,1,59,False,1,OfflineQueueSimple,ADD_TESTS,220.9
ArbitrageWidget,C:\Users\bcmad\Downloads\A1Betting7-13.2\frontend\src\components\odds\ArbitrageWidget.tsx,2,9,False,0,,ADD_TESTS,220.9
StatusIndicator,C:\Users\bcmad\Downloads\A1Betting7-13.2\frontend\src\components\shared\ui\StatusIndicator.tsx,2,8,False,0,,ADD_TESTS,220.8
ErrorBoundaryVersion,C:\Users\bcmad\Downloads\A1Betting7-13.2\frontend\src\components\ErrorBoundaryVersion.tsx,2,7,False,0,,ADD_TESTS,220.7
EVSummaryWidget,C:\Users\bcmad\Downloads\A1Betting7-13.2\frontend\src\components\ev\EVSummaryWidget.tsx,2,7,False,0,,ADD_TESTS,220.7
GameStatsPanel,C:\Users\bcmad\Downloads\A1Betting7-13.2\frontend\src\components\stats\GameStatsPanel.tsx,2,7,False,0,,ADD_TESTS,220.7
Switch,C:\Users\bcmad\Downloads\A1Betting7-13.2\frontend\src\components\base\Switch.tsx,2,6,False,0,,ADD_TESTS,220.6
CyberButton,C:\Users\bcmad\Downloads\A1Betting7-13.2\frontend\src\components\shared\ui\CyberButton.tsx,2,6,False,0,,ADD_TESTS,220.6
PerformancePanel,C:\Users\bcmad\Downloads\A1Betting7-13.2\frontend\src\components\performance\PerformancePanel.tsx,2,5,False,0,,ADD_TESTS,220.5
WebSocketStatusIndicator,C:\Users\bcmad\Downloads\A1Betting7-13.2\frontend\src\components\WebSocketStatusIndicator.tsx,2,5,False,0,,ADD_TESTS,220.5
PlayerOverview,C:\Users\bcmad\Downloads\A1Betting7-13.2\frontend\src\components\player\PlayerOverview.tsx,2,4,False,0,,ADD_TESTS,220.4
GlowButton,C:\Users\bcmad\Downloads\A1Betting7-13.2\frontend\src\components\shared\ui\GlowButton.tsx,2,4,False,0,,ADD_TESTS,220.4
GlowCard,C:\Users\bcmad\Downloads\A1Betting7-13.2\frontend\src\components\shared\ui\GlowCard.tsx,2,4,False,0,,ADD_TESTS,220.4
Table,C:\Users\bcmad\Downloads\A1Betting7-13.2\frontend\src\components\base\Table.tsx,2,2,False,0,,ADD_TESTS,220.2
EVBadge,C:\Users\bcmad\Downloads\A1Betting7-13.2\frontend\src\components\ev\EVBadge.tsx,2,2,False,0,,ADD_TESTS,220.2
ArbitrageOpportunities,C:\Users\bcmad\Downloads\A1Betting7-13.2\frontend\src\components\features\betting\ArbitrageOpportunities.tsx,1,98,False,0,,ADD_TESTS,219.8
PositiveEVFeed,C:\Users\bcmad\Downloads\A1Betting7-13.2\frontend\src\components\PositiveEVFeed.tsx,1,83,False,0,,ADD_TESTS,218.3
SmartAlerts,C:\Users\bcmad\Downloads\A1Betting7-13.2\frontend\src\components\SmartAlerts.tsx,1,74,False,0,,ADD_TESTS,217.4
CustomizableDashboard,C:\Users\bcmad\Downloads\A1Betting7-13.2\frontend\src\components\dashboard\CustomizableDashboard.tsx,1,73,False,0,,ADD_TESTS,217.3
LineShopping,C:\Users\bcmad\Downloads\A1Betting7-13.2\frontend\src\components\features\betting\LineShopping.tsx,1,62,False,0,,ADD_TESTS,216.2
BetTrackingDashboard,C:\Users\bcmad\Downloads\A1Betting7-13.2\frontend\src\components\tracking\BetTrackingDashboard.tsx,1,57,False,0,,ADD_TESTS,215.7
InteractiveSHAPDashboard,C:\Users\bcmad\Downloads\A1Betting7-13.2\frontend\src\components\enhanced\InteractiveSHAPDashboard.tsx,1,51,False,0,,ADD_TESTS,215.1
AdminAnalytics,C:\Users\bcmad\Downloads\A1Betting7-13.2\frontend\src\components\admin\AdminAnalytics.tsx,1,47,False,0,,ADD_TESTS,214.7
AdminPanel,C:\Users\bcmad\Downloads\A1Betting7-13.2\frontend\src\components\admin\AdminPanel.tsx,1,47,False,0,,ADD_TESTS,214.7
PropOllamaContainer,C:\Users\bcmad\Downloads\A1Betting7-13.2\frontend\src\components\containers\PropOllamaContainer.tsx,1,46,False,0,,ADD_TESTS,214.6
EnhancedAdvancedSearchSystem,C:\Users\bcmad\Downloads\A1Betting7-13.2\frontend\src\components\search\EnhancedAdvancedSearchSystem.tsx,1,44,False,0,,ADD_TESTS,214.4
LineMovementChart,C:\Users\bcmad\Downloads\A1Betting7-13.2\frontend\src\components\LineMovementChart.tsx,1,43,False,0,,ADD_TESTS,214.3
MyCLVTab,C:\Users\bcmad\Downloads\A1Betting7-13.2\frontend\src\components\dashboard\MyCLVTab.tsx,1,41,False,0,,ADD_TESTS,214.1
UniversalDataExporter,C:\Users\bcmad\Downloads\A1Betting7-13.2\frontend\src\components\export\UniversalDataExporter.tsx,1,40,False,0,,ADD_TESTS,214.0
AuthPage,C:\Users\bcmad\Downloads\A1Betting7-13.2\frontend\src\components\auth\AuthPage.tsx,1,39,False,0,,ADD_TESTS,213.9
OptimizedPropList.fixed,C:\Users\bcmad\Downloads\A1Betting7-13.2\frontend\src\components\optimized\OptimizedPropList.fixed.tsx,0,37,False,2,"OptimizedPropList,OptimizedPropList.v2",DELETE_UNUSED,213.7
LiveGameStats,C:\Users\bcmad\Downloads\A1Betting7-13.2\frontend\src\components\LiveGameStats.tsx,1,35,False,0,,ADD_TESTS,213.5
RealtimeNotificationCenter,C:\Users\bcmad\Downloads\A1Betting7-13.2\frontend\src\components\notifications\RealtimeNotificationCenter.tsx,1,35,False,0,,ADD_TESTS,213.5
OddsCompareDrawer,C:\Users\bcmad\Downloads\A1Betting7-13.2\frontend\src\components\OddsCompareDrawer.tsx,1,34,False,0,,ADD_TESTS,213.4
RealTimePredictions,C:\Users\bcmad\Downloads\A1Betting7-13.2\frontend\src\components\RealTimePredictions.tsx,1,34,False,0,,ADD_TESTS,213.4
NotificationSettings,C:\Users\bcmad\Downloads\A1Betting7-13.2\frontend\src\components\features\settings\NotificationSettings.tsx,1,31,False,0,,ADD_TESTS,213.1
EnhancedNavigation,C:\Users\bcmad\Downloads\A1Betting7-13.2\frontend\src\components\navigation\EnhancedNavigation.tsx,1,31,False,0,,ADD_TESTS,213.1
ReliabilityIntegrationWrapper,C:\Users\bcmad\Downloads\A1Betting7-13.2\frontend\src\components\reliability\ReliabilityIntegrationWrapper.tsx,1,31,False,0,,ADD_TESTS,213.1
PerformanceTrendsChart,C:\Users\bcmad\Downloads\A1Betting7-13.2\frontend\src\components\visualizations\PerformanceTrendsChart.tsx,1,31,False,0,,ADD_TESTS,213.1
LiveArbitragePanel,C:\Users\bcmad\Downloads\A1Betting7-13.2\frontend\src\components\arbitrage\LiveArbitragePanel.tsx,1,30,False,0,,ADD_TESTS,213.0
ErrorRateDashboard,C:\Users\bcmad\Downloads\A1Betting7-13.2\frontend\src\components\observability\ErrorRateDashboard.tsx,1,30,False,0,,ADD_TESTS,213.0
SprayChartVisualization,C:\Users\bcmad\Downloads\A1Betting7-13.2\frontend\src\components\visualizations\SprayChartVisualization.tsx,1,29,False,0,,ADD_TESTS,212.9
AdvancedAIDashboard,C:\Users\bcmad\Downloads\A1Betting7-13.2\frontend\src\components\features\advanced-ai\AdvancedAIDashboard.tsx,1,26,False,0,,ADD_TESTS,212.6
VirtualizedPropList,C:\Users\bcmad\Downloads\A1Betting7-13.2\frontend\src\components\VirtualizedPropList.tsx,1,26,False,0,,ADD_TESTS,212.6
CrossSportInsights,C:\Users\bcmad\Downloads\A1Betting7-13.2\frontend\src\components\analytics\CrossSportInsights.tsx,1,25,False,0,,ADD_TESTS,212.5
ModelsPerformanceGrid,C:\Users\bcmad\Downloads\A1Betting7-13.2\frontend\src\components\analytics\ModelsPerformanceGrid.tsx,1,24,False,0,,ADD_TESTS,212.4
UnifiedDashboard,C:\Users\bcmad\Downloads\A1Betting7-13.2\frontend\src\components\phase3\UnifiedDashboard.tsx,1,24,False,0,,ADD_TESTS,212.4
PerformanceHeatmap,C:\Users\bcmad\Downloads\A1Betting7-13.2\frontend\src\components\visualizations\PerformanceHeatmap.tsx,1,24,False,0,,ADD_TESTS,212.4
OnboardingFlow,C:\Users\bcmad\Downloads\A1Betting7-13.2\frontend\src\components\phase4\OnboardingFlow.tsx,1,23,False,0,,ADD_TESTS,212.3
PlayerMatchupAnalysis,C:\Users\bcmad\Downloads\A1Betting7-13.2\frontend\src\components\player\PlayerMatchupAnalysis.tsx,1,23,False,0,,ADD_TESTS,212.3
PermissionGuard,C:\Users\bcmad\Downloads\A1Betting7-13.2\frontend\src\components\auth\PermissionGuard.tsx,1,22,False,0,,ADD_TESTS,212.2
UnifiedAIPredictionsDashboard,C:\Users\bcmad\Downloads\A1Betting7-13.2\frontend\src\components\ai\UnifiedAIPredictionsDashboard.tsx,1,21,False,0,,ADD_TESTS,212.1
RealTimeAnalytics,C:\Users\bcmad\Downloads\A1Betting7-13.2\frontend\src\components\phase3\RealTimeAnalytics.tsx,1,21,False,0,,ADD_TESTS,212.1
AccessRequestForm,C:\Users\bcmad\Downloads\A1Betting7-13.2\frontend\src\components\auth\AccessRequestForm.tsx,1,19,False,0,,ADD_TESTS,211.9
EnhancedGlobalErrorBoundary,C:\Users\bcmad\Downloads\A1Betting7-13.2\frontend\src\components\error\EnhancedGlobalErrorBoundary.tsx,1,19,False,0,,ADD_TESTS,211.9
PastMatchupTracker,C:\Users\bcmad\Downloads\A1Betting7-13.2\frontend\src\components\PastMatchupTracker.tsx,1,19,False,0,,ADD_TESTS,211.9
PlayerPerformanceChart,C:\Users\bcmad\Downloads\A1Betting7-13.2\frontend\src\components\charts\PlayerPerformanceChart.tsx,1,18,False,0,,ADD_TESTS,211.8
PlayerAdvancedStats,C:\Users\bcmad\Downloads\A1Betting7-13.2\frontend\src\components\player\PlayerAdvancedStats.tsx,1,18,False,0,,ADD_TESTS,211.8
PerformanceAlertsPanel,C:\Users\bcmad\Downloads\A1Betting7-13.2\frontend\src\components\analytics\PerformanceAlertsPanel.tsx,1,17,False,0,,ADD_TESTS,211.7
MovementAnalysisDemo,C:\Users\bcmad\Downloads\A1Betting7-13.2\frontend\src\components\demos\MovementAnalysisDemo.tsx,1,17,False,0,,ADD_TESTS,211.7
MultipleSportsbookComparison,C:\Users\bcmad\Downloads\A1Betting7-13.2\frontend\src\components\sportsbook\MultipleSportsbookComparison.tsx,1,17,False,0,,ADD_TESTS,211.7
SimpleDirectAPITest,C:\Users\bcmad\Downloads\A1Betting7-13.2\frontend\src\components\debug\SimpleDirectAPITest.tsx,1,14,False,0,,ADD_TESTS,211.4
SuccessMetrics,C:\Users\bcmad\Downloads\A1Betting7-13.2\frontend\src\components\features\testimonials\SuccessMetrics.tsx,1,14,False,0,,ADD_TESTS,211.4
UnifiedOllama,C:\Users\bcmad\Downloads\A1Betting7-13.2\frontend\src\components\UnifiedOllama.tsx,1,14,False,0,,ADD_TESTS,211.4
ThemeProvider,C:\Users\bcmad\Downloads\A1Betting7-13.2\frontend\src\components\shared\common\theme\ThemeProvider.tsx,1,13,False,0,,ADD_TESTS,211.3
PropOllamaMessages,C:\Users\bcmad\Downloads\A1Betting7-13.2\frontend\src\components\user-friendly\PropOllamaMessages.tsx,1,13,False,0,,ADD_TESTS,211.3
FeaturedPropsServiceTest,C:\Users\bcmad\Downloads\A1Betting7-13.2\frontend\src\components\debug\FeaturedPropsServiceTest.tsx,1,12,False,0,,ADD_TESTS,211.2
BettingOpportunityCard,C:\Users\bcmad\Downloads\A1Betting7-13.2\frontend\src\components\shared\ui\betting\BettingOpportunityCard.tsx,1,11,False,0,,ADD_TESTS,211.1
Phase3Layout,C:\Users\bcmad\Downloads\A1Betting7-13.2\frontend\src\components\phase3\Phase3Layout.tsx,1,11,False,0,,ADD_TESTS,211.1
PlayerPerformanceTrends,C:\Users\bcmad\Downloads\A1Betting7-13.2\frontend\src\components\player\PlayerPerformanceTrends.tsx,1,11,False,0,,ADD_TESTS,211.1
ChartErrorBoundary,C:\Users\bcmad\Downloads\A1Betting7-13.2\frontend\src\components\shared\ui\ChartErrorBoundary.tsx,1,11,False,0,,ADD_TESTS,211.1
ServiceWorkerUpdateNotification,C:\Users\bcmad\Downloads\A1Betting7-13.2\frontend\src\components\core\ServiceWorkerUpdateNotification.tsx,1,10,False,0,,ADD_TESTS,211.0
DirectDataFetchTest,C:\Users\bcmad\Downloads\A1Betting7-13.2\frontend\src\components\debug\DirectDataFetchTest.tsx,1,10,False,0,,ADD_TESTS,211.0
DashboardFiltersPanel,C:\Users\bcmad\Downloads\A1Betting7-13.2\frontend\src\components\analytics\DashboardFiltersPanel.tsx,1,9,False,0,,ADD_TESTS,210.9
ReliabilityPanel,C:\Users\bcmad\Downloads\A1Betting7-13.2\frontend\src\components\reliability\ReliabilityPanel.tsx,1,9,False,0,,ADD_TESTS,210.9
QuantumTransparencyNotice,C:\Users\bcmad\Downloads\A1Betting7-13.2\frontend\src\components\shared\common\QuantumTransparencyNotice.tsx,1,9,False,0,,ADD_TESTS,210.9
HeavyAnalytics,C:\Users\bcmad\Downloads\A1Betting7-13.2\frontend\src\components\shared\HeavyAnalytics.tsx,1,9,False,0,,ADD_TESTS,210.9
Toast,C:\Users\bcmad\Downloads\A1Betting7-13.2\frontend\src\components\base\Toast.tsx,1,8,False,0,,ADD_TESTS,210.8
PlayerQuickStats,C:\Users\bcmad\Downloads\A1Betting7-13.2\frontend\src\components\player\PlayerQuickStats.tsx,1,8,False,0,,ADD_TESTS,210.8
PropFinderRow,C:\Users\bcmad\Downloads\A1Betting7-13.2\frontend\src\components\PropFinderRow.tsx,1,8,False,0,,ADD_TESTS,210.8
DashboardOverview,C:\Users\bcmad\Downloads\A1Betting7-13.2\frontend\src\components\analytics\DashboardOverview.tsx,1,7,False,0,,ADD_TESTS,210.7
SimplePropOllamaDebugContainer,C:\Users\bcmad\Downloads\A1Betting7-13.2\frontend\src\components\debug\SimplePropOllamaDebugContainer.tsx,1,7,False,0,,ADD_TESTS,210.7
Skeleton,C:\Users\bcmad\Downloads\A1Betting7-13.2\frontend\src\components\base\Skeleton.tsx,1,6,False,0,,ADD_TESTS,210.6
PositiveEVFeedPanel,C:\Users\bcmad\Downloads\A1Betting7-13.2\frontend\src\components\ev\PositiveEVFeedPanel.tsx,1,6,False,0,,ADD_TESTS,210.6
LazyPredictions,C:\Users\bcmad\Downloads\A1Betting7-13.2\frontend\src\components\lazy\LazyPredictions.tsx,1,6,False,0,,ADD_TESTS,210.6
MiniLineSparkline,C:\Users\bcmad\Downloads\A1Betting7-13.2\frontend\src\components\propfinder\MiniLineSparkline.tsx,1,6,False,0,,ADD_TESTS,210.6
progress,C:\Users\bcmad\Downloads\A1Betting7-13.2\frontend\src\components\shared\ui\progress.tsx,1,6,False,0,,ADD_TESTS,210.6
LeanModeBanner,C:\Users\bcmad\Downloads\A1Betting7-13.2\frontend\src\components\LeanModeBanner.tsx,1,5,False,0,,ADD_TESTS,210.5
Phase3Navigation,C:\Users\bcmad\Downloads\A1Betting7-13.2\frontend\src\components\phase3\Phase3Navigation.tsx,1,5,False,0,,ADD_TESTS,210.5
ArbitrageBadge,C:\Users\bcmad\Downloads\A1Betting7-13.2\frontend\src\components\propfinder\ArbitrageBadge.tsx,1,5,False,0,,ADD_TESTS,210.5
DemoModeIndicator,C:\Users\bcmad\Downloads\A1Betting7-13.2\frontend\src\components\shared\DemoModeIndicator.tsx,1,5,False,0,,ADD_TESTS,210.5
LoadingWave,C:\Users\bcmad\Downloads\A1Betting7-13.2\frontend\src\components\shared\ui\LoadingWave.tsx,1,5,False,0,,ADD_TESTS,210.5
FairOddsCalculator,C:\Users\bcmad\Downloads\A1Betting7-13.2\frontend\src\components\tools\FairOddsCalculator.tsx,1,5,False,0,,ADD_TESTS,210.5
Message,C:\Users\bcmad\Downloads\A1Betting7-13.2\frontend\src\components\user-friendly\Message.tsx,1,5,False,0,,ADD_TESTS,210.5
LazySHAPDashboard,C:\Users\bcmad\Downloads\A1Betting7-13.2\frontend\src\components\lazy\LazySHAPDashboard.tsx,1,4,False,0,,ADD_TESTS,210.4
PredictionCard,C:\Users\bcmad\Downloads\A1Betting7-13.2\frontend\src\components\predictions\PredictionCard.tsx,1,4,False,0,,ADD_TESTS,210.4
EvPill,C:\Users\bcmad\Downloads\A1Betting7-13.2\frontend\src\components\propfinder\EvPill.tsx,1,4,False,0,,ADD_TESTS,210.4
PropOllamaInput,C:\Users\bcmad\Downloads\A1Betting7-13.2\frontend\src\components\user-friendly\PropOllamaInput.tsx,1,4,False,0,,ADD_TESTS,210.4
TimeframeSelect,C:\Users\bcmad\Downloads\A1Betting7-13.2\frontend\src\components\filters\TimeframeSelect.tsx,1,3,False,0,,ADD_TESTS,210.3
HeadToHeadToggle,C:\Users\bcmad\Downloads\A1Betting7-13.2\frontend\src\components\filters\HeadToHeadToggle.tsx,1,2,False,0,,ADD_TESTS,210.2
PredictionsTab,C:\Users\bcmad\Downloads\A1Betting7-13.2\frontend\src\components\PredictionsTab.tsx,1,2,False,0,,ADD_TESTS,210.2
QuantumSportsPlatform,C:\Users\bcmad\Downloads\A1Betting7-13.2\frontend\src\components\QuantumSportsPlatform.tsx,1,2,False,0,,ADD_TESTS,210.2
AnalyticsTab,C:\Users\bcmad\Downloads\A1Betting7-13.2\frontend\src\components\AnalyticsTab.jsx,1,0,False,0,,ADD_TESTS,210.0
OfflineQueueSimple,C:\Users\bcmad\Downloads\A1Betting7-13.2\frontend\src\components\observability\OfflineQueueSimple.tsx,0,48,False,1,OfflineQueue,DELETE_UNUSED,209.8
OptimizedPropList.v2,C:\Users\bcmad\Downloads\A1Betting7-13.2\frontend\src\components\optimized\OptimizedPropList.v2.tsx,0,37,False,1,OptimizedPropList.fixed,DELETE_UNUSED,208.7
OptimizedPropList,C:\Users\bcmad\Downloads\A1Betting7-13.2\frontend\src\components\optimized\OptimizedPropList.tsx,0,33,False,1,OptimizedPropList.fixed,DELETE_UNUSED,208.3
ConfidenceBandChart,C:\Users\bcmad\Downloads\A1Betting7-13.2\frontend\src\components\shared\ui\ConfidenceBandChart.tsx,0,80,False,0,,INTEGRATE,208.0
PrizePicks,C:\Users\bcmad\Downloads\A1Betting7-13.2\frontend\src\components\features\prizepicks\PrizePicks.tsx,0,70,False,0,,INTEGRATE,207.0
LineupBuilder,C:\Users\bcmad\Downloads\A1Betting7-13.2\frontend\src\components\LineupBuilder.tsx,0,69,False,0,,INTEGRATE,206.9
BestBookWidget.test,C:\Users\bcmad\Downloads\A1Betting7-13.2\frontend\src\components\odds\__tests__\BestBookWidget.test.tsx,0,10,False,1,OddsConsensusWidget.test,DELETE_UNUSED,206.0
OddsConsensusWidget.test,C:\Users\bcmad\Downloads\A1Betting7-13.2\frontend\src\components\odds\__tests__\OddsConsensusWidget.test.tsx,0,10,False,1,BestBookWidget.test,DELETE_UNUSED,206.0
SportsManager,C:\Users\bcmad\Downloads\A1Betting7-13.2\frontend\src\components\features\sports\SportsManager.tsx,0,57,False,0,,INTEGRATE,205.7
CheatsheetsDashboard,C:\Users\bcmad\Downloads\A1Betting7-13.2\frontend\src\components\features\cheatsheets\CheatsheetsDashboard.tsx,0,56,False,0,,INTEGRATE,205.6
ModernNotificationCenter,C:\Users\bcmad\Downloads\A1Betting7-13.2\frontend\src\components\shared\ui\ModernNotificationCenter.tsx,0,56,False,0,,INTEGRATE,205.6
design-system,C:\Users\bcmad\Downloads\A1Betting7-13.2\frontend\src\components\shared\ui\design-system.tsx,0,55,False,0,,INTEGRATE,205.5
ConfigurationMatrix,C:\Users\bcmad\Downloads\A1Betting7-13.2\frontend\src\components\betting\ConfigurationMatrix.tsx,0,2,False,1,EnsembleResults,DELETE_UNUSED,205.2
EnsembleResults,C:\Users\bcmad\Downloads\A1Betting7-13.2\frontend\src\components\betting\EnsembleResults.tsx,0,2,False,1,ConfigurationMatrix,DELETE_UNUSED,205.2
ModernCommandPalette,C:\Users\bcmad\Downloads\A1Betting7-13.2\frontend\src\components\shared\ui\ModernCommandPalette.tsx,0,52,False,0,,INTEGRATE,205.2
EnhancedPropCard.test,C:\Users\bcmad\Downloads\A1Betting7-13.2\frontend\src\components\shared\ui\EnhancedPropCard.test.tsx,0,0,False,1,PredictionSummaryCard.test,DELETE_UNUSED,205.0
PredictionSummaryCard.test,C:\Users\bcmad\Downloads\A1Betting7-13.2\frontend\src\components\shared\ui\PredictionSummaryCard.test.tsx,0,0,False,1,EnhancedPropCard.test,DELETE_UNUSED,205.0
OddsComparison,C:\Users\bcmad\Downloads\A1Betting7-13.2\frontend\src\components\features\odds\OddsComparison.tsx,0,49,False,0,,DELETE_UNUSED,204.9
QuantumAI,C:\Users\bcmad\Downloads\A1Betting7-13.2\frontend\src\components\QuantumAI.tsx,0,49,False,0,,DELETE_UNUSED,204.9
SafeChart,C:\Users\bcmad\Downloads\A1Betting7-13.2\frontend\src\components\shared\ui\SafeChart.tsx,0,48,False,0,,DELETE_UNUSED,204.8
PropOllamaUnified.test,C:\Users\bcmad\Downloads\A1Betting7-13.2\frontend\src\components\__tests__\PropOllamaUnified.test.tsx,0,48,False,0,,DELETE_UNUSED,204.8
MLModelCenter,C:\Users\bcmad\Downloads\A1Betting7-13.2\frontend\src\components\ml\MLModelCenter.tsx,0,47,False,0,,DELETE_UNUSED,204.7
DataEcosystemDashboard,C:\Users\bcmad\Downloads\A1Betting7-13.2\frontend\src\components\data-ecosystem\DataEcosystemDashboard.tsx,0,46,False,0,,DELETE_UNUSED,204.6
AdvancedMatchupAnalysisTools,C:\Users\bcmad\Downloads\A1Betting7-13.2\frontend\src\components\analysis\AdvancedMatchupAnalysisTools.tsx,0,45,False,0,,DELETE_UNUSED,204.5
ConfidenceScoreCalculator,C:\Users\bcmad\Downloads\A1Betting7-13.2\frontend\src\components\analysis\ConfidenceScoreCalculator.tsx,0,45,False,0,,DELETE_UNUSED,204.5
RealTimePlayerLookup,C:\Users\bcmad\Downloads\A1Betting7-13.2\frontend\src\components\search\RealTimePlayerLookup.tsx,0,45,False,0,,DELETE_UNUSED,204.5
Filters.test,C:\Users\bcmad\Downloads\A1Betting7-13.2\frontend\src\components\__tests__\Filters.test.tsx,0,45,False,0,,DELETE_UNUSED,204.5
AdminAnalytics.test,C:\Users\bcmad\Downloads\A1Betting7-13.2\frontend\src\components\admin\__tests__\AdminAnalytics.test.tsx,0,43,False,0,,DELETE_UNUSED,204.3
EnhancedDashboard,C:\Users\bcmad\Downloads\A1Betting7-13.2\frontend\src\components\features\dashboard\EnhancedDashboard.tsx,0,43,False,0,,DELETE_UNUSED,204.3
SearchModal,C:\Users\bcmad\Downloads\A1Betting7-13.2\frontend\src\components\shared\ui\SearchModal.tsx,0,43,False,0,,DELETE_UNUSED,204.3
OptimizedPropFinderDashboard,C:\Users\bcmad\Downloads\A1Betting7-13.2\frontend\src\components\features\modern\OptimizedPropFinderDashboard.tsx,0,42,False,0,,DELETE_UNUSED,204.2
ComprehensiveMonitoringDashboard,C:\Users\bcmad\Downloads\A1Betting7-13.2\frontend\src\components\monitoring\ComprehensiveMonitoringDashboard.tsx,0,42,False,0,,DELETE_UNUSED,204.2
PlayerDashboardContainer.test,C:\Users\bcmad\Downloads\A1Betting7-13.2\frontend\src\components\player\__tests__\PlayerDashboardContainer.test.tsx,0,42,False,0,,DELETE_UNUSED,204.2
ModernActivityFeed,C:\Users\bcmad\Downloads\A1Betting7-13.2\frontend\src\components\shared\ui\ModernActivityFeed.tsx,0,42,False,0,,DELETE_UNUSED,204.2
OptimizedPropOllamaContainer,C:\Users\bcmad\Downloads\A1Betting7-13.2\frontend\src\components\optimized\OptimizedPropOllamaContainer.tsx,0,41,False,0,,DELETE_UNUSED,204.1
SmartSignalsPage,C:\Users\bcmad\Downloads\A1Betting7-13.2\frontend\src\components\pages\SmartSignalsPage.tsx,0,40,False,0,,DELETE_UNUSED,204.0
UnifiedSettingsAdminPage,C:\Users\bcmad\Downloads\A1Betting7-13.2\frontend\src\components\pages\UnifiedSettingsAdminPage.tsx,0,40,False,0,,DELETE_UNUSED,204.0
InjuryTracker,C:\Users\bcmad\Downloads\A1Betting7-13.2\frontend\src\components\InjuryTracker.tsx,0,39,False,0,,DELETE_UNUSED,203.9
RiskEngine,C:\Users\bcmad\Downloads\A1Betting7-13.2\frontend\src\components\features\risk\RiskEngine.tsx,0,39,False,0,,DELETE_UNUSED,203.9
AdvancedKellyDashboard,C:\Users\bcmad\Downloads\A1Betting7-13.2\frontend\src\components\kelly\AdvancedKellyDashboard.tsx,0,39,False,0,,DELETE_UNUSED,203.9
ServiceCapabilityMatrix,C:\Users\bcmad\Downloads\A1Betting7-13.2\frontend\src\components\capabilities\ServiceCapabilityMatrix.tsx,0,38,False,0,,DELETE_UNUSED,203.8
PropFinderKillerDashboard,C:\Users\bcmad\Downloads\A1Betting7-13.2\frontend\src\components\features\modern\PropFinderKillerDashboard.tsx,0,38,False,0,,DELETE_UNUSED,203.8
RealTimePerformanceMonitor,C:\Users\bcmad\Downloads\A1Betting7-13.2\frontend\src\components\RealTimePerformanceMonitor.tsx,0,38,False,0,,DELETE_UNUSED,203.8
AdvancedAIDashboard.metrics.regression.test,C:\Users\bcmad\Downloads\A1Betting7-13.2\frontend\src\components\__tests__\AdvancedAIDashboard.metrics.regression.test.tsx,0,38,False,0,,DELETE_UNUSED,203.8
AdvancedArbitrageDashboard,C:\Users\bcmad\Downloads\A1Betting7-13.2\frontend\src\components\arbitrage\AdvancedArbitrageDashboard.tsx,0,37,False,0,,DELETE_UNUSED,203.7
EnhancedMonitoringDashboard,C:\Users\bcmad\Downloads\A1Betting7-13.2\frontend\src\components\monitoring\EnhancedMonitoringDashboard.tsx,0,37,False,0,,DELETE_UNUSED,203.7
NavigationMountGate,C:\Users\bcmad\Downloads\A1Betting7-13.2\frontend\src\components\navigation\NavigationMountGate.tsx,0,37,False,0,,DELETE_UNUSED,203.7
OptimizedPlayerDashboardContainer,C:\Users\bcmad\Downloads\A1Betting7-13.2\frontend\src\components\player\OptimizedPlayerDashboardContainer.tsx,0,37,False,0,,DELETE_UNUSED,203.7
ThemeSelector,C:\Users\bcmad\Downloads\A1Betting7-13.2\frontend\src\components\core\ThemeSelector.tsx,0,36,False,0,,DELETE_UNUSED,203.6
EnhancedUltimateMoneyMaker,C:\Users\bcmad\Downloads\A1Betting7-13.2\frontend\src\components\MoneyMaker\EnhancedUltimateMoneyMaker.tsx,0,36,False,0,,DELETE_UNUSED,203.6
CheatsheetView,C:\Users\bcmad\Downloads\A1Betting7-13.2\frontend\src\components\dashboard\CheatsheetView.tsx,0,35,False,0,,DELETE_UNUSED,203.5
MonitoringIntegration,C:\Users\bcmad\Downloads\A1Betting7-13.2\frontend\src\components\monitoring\MonitoringIntegration.tsx,0,35,False,0,,DELETE_UNUSED,203.5
EnhancedSportsbookDashboard,C:\Users\bcmad\Downloads\A1Betting7-13.2\frontend\src\components\sportsbook\EnhancedSportsbookDashboard.tsx,0,35,False,0,,DELETE_UNUSED,203.5
ConfidenceBands,C:\Users\bcmad\Downloads\A1Betting7-13.2\frontend\src\components\shared\ui\ConfidenceBands.tsx,0,34,False,0,,DELETE_UNUSED,203.4
OfflineIndicator,C:\Users\bcmad\Downloads\A1Betting7-13.2\frontend\src\components\shared\ui\OfflineIndicator.tsx,0,34,False,0,,DELETE_UNUSED,203.4
real-time-metrics,C:\Users\bcmad\Downloads\A1Betting7-13.2\frontend\src\components\shared\ui\real-time-metrics.tsx,0,34,False,0,,DELETE_UNUSED,203.4
StyledSelect,C:\Users\bcmad\Downloads\A1Betting7-13.2\frontend\src\components\shared\ui\StyledSelect.tsx,0,34,False,0,,DELETE_UNUSED,203.4
WebSocketNotifications,C:\Users\bcmad\Downloads\A1Betting7-13.2\frontend\src\components\WebSocketNotifications.tsx,0,34,False,0,,DELETE_UNUSED,203.4
SophisticatedAnalyticsDashboard,C:\Users\bcmad\Downloads\A1Betting7-13.2\frontend\src\components\analytics\SophisticatedAnalyticsDashboard.tsx,0,33,False,0,,DELETE_UNUSED,203.3
LiveBetting,C:\Users\bcmad\Downloads\A1Betting7-13.2\frontend\src\components\features\livebetting\LiveBetting.tsx,0,33,False,0,,DELETE_UNUSED,203.3
NewsHub,C:\Users\bcmad\Downloads\A1Betting7-13.2\frontend\src\components\NewsHub.tsx,0,33,False,0,,DELETE_UNUSED,203.3
BankrollTracker,C:\Users\bcmad\Downloads\A1Betting7-13.2\frontend\src\components\shared\ui\BankrollTracker.tsx,0,33,False,0,,DELETE_UNUSED,203.3
ChartWrapper,C:\Users\bcmad\Downloads\A1Betting7-13.2\frontend\src\components\shared\ui\ChartWrapper.tsx,0,33,False,0,,DELETE_UNUSED,203.3
PropOllama.test,C:\Users\bcmad\Downloads\A1Betting7-13.2\frontend\src\components\user-friendly\__tests__\PropOllama.test.tsx,0,33,False,0,,DELETE_UNUSED,203.3
RealTimeAnalysisTrigger,C:\Users\bcmad\Downloads\A1Betting7-13.2\frontend\src\components\analysis\RealTimeAnalysisTrigger.tsx,0,32,False,0,,DELETE_UNUSED,203.2
PortfolioOptimizer,C:\Users\bcmad\Downloads\A1Betting7-13.2\frontend\src\components\enhanced\PortfolioOptimizer.tsx,0,32,False,0,,DELETE_UNUSED,203.2
LiveDemoPerformanceDashboard,C:\Users\bcmad\Downloads\A1Betting7-13.2\frontend\src\components\monitoring\LiveDemoPerformanceDashboard.tsx,0,32,False,0,,DELETE_UNUSED,203.2
OptimizedDashboard,C:\Users\bcmad\Downloads\A1Betting7-13.2\frontend\src\components\OptimizedDashboard.tsx,0,32,False,0,,DELETE_UNUSED,203.2
MatchupAnalysisTools,C:\Users\bcmad\Downloads\A1Betting7-13.2\frontend\src\components\analysis\MatchupAnalysisTools.tsx,0,31,False,0,,DELETE_UNUSED,203.1
SportRadarDashboard,C:\Users\bcmad\Downloads\A1Betting7-13.2\frontend\src\components\features\sportradar\SportRadarDashboard.tsx,0,31,False,0,,DELETE_UNUSED,203.1
ComprehensiveReliabilityDashboard,C:\Users\bcmad\Downloads\A1Betting7-13.2\frontend\src\components\monitoring\ComprehensiveReliabilityDashboard.tsx,0,31,False,0,,DELETE_UNUSED,203.1
LiveDemoMonitoringDashboard,C:\Users\bcmad\Downloads\A1Betting7-13.2\frontend\src\components\monitoring\LiveDemoMonitoringDashboard.tsx,0,31,False,0,,DELETE_UNUSED,203.1
UnifiedSearchInterface,C:\Users\bcmad\Downloads\A1Betting7-13.2\frontend\src\components\search\UnifiedSearchInterface.tsx,0,31,False,0,,DELETE_UNUSED,203.1
UnifiedUI,C:\Users\bcmad\Downloads\A1Betting7-13.2\frontend\src\components\shared\ui\UnifiedUI.tsx,0,31,False,0,,DELETE_UNUSED,203.1
SocialIntelligence,C:\Users\bcmad\Downloads\A1Betting7-13.2\frontend\src\components\SocialIntelligence.tsx,0,30,False,0,,DELETE_UNUSED,203.0
LaunchReadinessChecker,C:\Users\bcmad\Downloads\A1Betting7-13.2\frontend\src\components\phase4\LaunchReadinessChecker.tsx,0,30,False,0,,DELETE_UNUSED,203.0
EnhancedCheatsheetsDashboard,C:\Users\bcmad\Downloads\A1Betting7-13.2\frontend\src\components\enhanced\EnhancedCheatsheetsDashboard.tsx,0,29,False,0,,DELETE_UNUSED,202.9
LiveBettingDashboard,C:\Users\bcmad\Downloads\A1Betting7-13.2\frontend\src\components\live-betting\LiveBettingDashboard.tsx,0,29,False,0,,DELETE_UNUSED,202.9
DataPipelineMonitoringDashboard,C:\Users\bcmad\Downloads\A1Betting7-13.2\frontend\src\components\monitoring\DataPipelineMonitoringDashboard.tsx,0,29,False,0,,DELETE_UNUSED,202.9
SystemTestingDashboard,C:\Users\bcmad\Downloads\A1Betting7-13.2\frontend\src\components\phase4\SystemTestingDashboard.tsx,0,29,False,0,,DELETE_UNUSED,202.9
AdvancedSearchDashboard,C:\Users\bcmad\Downloads\A1Betting7-13.2\frontend\src\components\search\AdvancedSearchDashboard.tsx,0,29,False,0,,DELETE_UNUSED,202.9
SourceHealthBar,C:\Users\bcmad\Downloads\A1Betting7-13.2\frontend\src\components\shared\ui\SourceHealthBar.tsx,0,29,False,0,,DELETE_UNUSED,202.9
OptimizedPropFinderKillerDashboard,C:\Users\bcmad\Downloads\A1Betting7-13.2\frontend\src\components\features\modern\OptimizedPropFinderKillerDashboard.tsx,0,28,False,0,,DELETE_UNUSED,202.8
AdvancedAI,C:\Users\bcmad\Downloads\A1Betting7-13.2\frontend\src\components\features\quantum\AdvancedAI.tsx,0,28,False,0,,DELETE_UNUSED,202.8
PropOllamaChatBox,C:\Users\bcmad\Downloads\A1Betting7-13.2\frontend\src\components\shared\PropOllamaChatBox.tsx,0,28,False,0,,DELETE_UNUSED,202.8
EnhancedMetricCard,C:\Users\bcmad\Downloads\A1Betting7-13.2\frontend\src\components\shared\ui\EnhancedMetricCard.tsx,0,28,False,0,,DELETE_UNUSED,202.8
AccessRequestManager,C:\Users\bcmad\Downloads\A1Betting7-13.2\frontend\src\components\admin\AccessRequestManager.tsx,0,27,False,0,,DELETE_UNUSED,202.7
EnhancedPlayerDashboard,C:\Users\bcmad\Downloads\A1Betting7-13.2\frontend\src\components\player\EnhancedPlayerDashboard.tsx,0,27,False,0,,DELETE_UNUSED,202.7
React19Comprehensive,C:\Users\bcmad\Downloads\A1Betting7-13.2\frontend\src\components\React19Comprehensive.tsx,0,27,False,0,,DELETE_UNUSED,202.7
HealthBanner,C:\Users\bcmad\Downloads\A1Betting7-13.2\frontend\src\components\shared\common\HealthBanner.tsx,0,27,False,0,,DELETE_UNUSED,202.7
ErrorBoundaries.test,C:\Users\bcmad\Downloads\A1Betting7-13.2\frontend\src\components\__tests__\ErrorBoundaries.test.tsx,0,27,False,0,,DELETE_UNUSED,202.7
AdvancedPlayerDashboard,C:\Users\bcmad\Downloads\A1Betting7-13.2\frontend\src\components\enhanced\AdvancedPlayerDashboard.tsx,0,26,False,0,,DELETE_UNUSED,202.6
LaunchDashboard,C:\Users\bcmad\Downloads\A1Betting7-13.2\frontend\src\components\phase4\LaunchDashboard.tsx,0,26,False,0,,DELETE_UNUSED,202.6
ModernStatusBar,C:\Users\bcmad\Downloads\A1Betting7-13.2\frontend\src\components\shared\ui\ModernStatusBar.tsx,0,26,False,0,,DELETE_UNUSED,202.6
NotificationCenter,C:\Users\bcmad\Downloads\A1Betting7-13.2\frontend\src\components\shared\ui\NotificationCenter.tsx,0,26,False,0,,DELETE_UNUSED,202.6
AppFlows.test,C:\Users\bcmad\Downloads\A1Betting7-13.2\frontend\src\components\__tests__\AppFlows.test.tsx,0,26,False,0,,DELETE_UNUSED,202.6
AIRecommendationsDashboard,C:\Users\bcmad\Downloads\A1Betting7-13.2\frontend\src\components\ai\AIRecommendationsDashboard.tsx,0,25,False,0,,DELETE_UNUSED,202.5
AutoPilot,C:\Users\bcmad\Downloads\A1Betting7-13.2\frontend\src\components\AutoPilot.tsx,0,25,False,0,,DELETE_UNUSED,202.5
PropFinderDashboardSimple,C:\Users\bcmad\Downloads\A1Betting7-13.2\frontend\src\components\dashboard\PropFinderDashboardSimple.tsx,0,25,False,0,,DELETE_UNUSED,202.5
MobilePropResearch,C:\Users\bcmad\Downloads\A1Betting7-13.2\frontend\src\components\mobile\MobilePropResearch.tsx,0,25,False,0,,DELETE_UNUSED,202.5
grid,C:\Users\bcmad\Downloads\A1Betting7-13.2\frontend\src\components\shared\ui\grid.tsx,0,25,False,0,,DELETE_UNUSED,202.5
slider,C:\Users\bcmad\Downloads\A1Betting7-13.2\frontend\src\components\shared\ui\slider.tsx,0,25,False,0,,DELETE_UNUSED,202.5
PrizePicksPro,C:\Users\bcmad\Downloads\A1Betting7-13.2\frontend\src\components\user-friendly\PrizePicksPro.tsx,0,25,False,0,,DELETE_UNUSED,202.5
RouteGuard,C:\Users\bcmad\Downloads\A1Betting7-13.2\frontend\src\components\auth\RouteGuard.tsx,0,24,False,0,,DELETE_UNUSED,202.4
WeatherStation,C:\Users\bcmad\Downloads\A1Betting7-13.2\frontend\src\components\WeatherStation.tsx,0,23,False,0,,DELETE_UNUSED,202.3
UltimateMoneyMaker,C:\Users\bcmad\Downloads\A1Betting7-13.2\frontend\src\components\MoneyMaker\UltimateMoneyMaker.tsx,0,23,False,0,,DELETE_UNUSED,202.3
UnifiedPlayerDashboard,C:\Users\bcmad\Downloads\A1Betting7-13.2\frontend\src\components\player\UnifiedPlayerDashboard.tsx,0,23,False,0,,DELETE_UNUSED,202.3
ComprehensiveAdminDashboard.test,C:\Users\bcmad\Downloads\A1Betting7-13.2\frontend\src\components\comprehensive\__tests__\ComprehensiveAdminDashboard.test.tsx,0,22,False,0,,DELETE_UNUSED,202.2
CheatsheetsDiagnostic,C:\Users\bcmad\Downloads\A1Betting7-13.2\frontend\src\components\features\cheatsheets\CheatsheetsDiagnostic.tsx,0,22,False,0,,DELETE_UNUSED,202.2
EnhancedPropFinderKillerDashboard,C:\Users\bcmad\Downloads\A1Betting7-13.2\frontend\src\components\features\modern\EnhancedPropFinderKillerDashboard.tsx,0,22,False,0,,DELETE_UNUSED,202.2
LineMovementModal,C:\Users\bcmad\Downloads\A1Betting7-13.2\frontend\src\components\modals\LineMovementModal.tsx,0,22,False,0,,DELETE_UNUSED,202.2
PerformanceMonitoringDashboard.metrics.regression.test,C:\Users\bcmad\Downloads\A1Betting7-13.2\frontend\src\components\__tests__\PerformanceMonitoringDashboard.metrics.regression.test.tsx,0,22,False,0,,DELETE_UNUSED,202.2
UnifiedOllama.test,C:\Users\bcmad\Downloads\A1Betting7-13.2\frontend\src\components\__tests__\UnifiedOllama.test.tsx,0,22,False,0,,DELETE_UNUSED,202.2
UserManagement,C:\Users\bcmad\Downloads\A1Betting7-13.2\frontend\src\components\admin\UserManagement.tsx,0,21,False,0,,DELETE_UNUSED,202.1
AIInsightsPanel,C:\Users\bcmad\Downloads\A1Betting7-13.2\frontend\src\components\enhanced\AIInsightsPanel.tsx,0,21,False,0,,DELETE_UNUSED,202.1
PerformanceDashboard,C:\Users\bcmad\Downloads\A1Betting7-13.2\frontend\src\components\monitoring\PerformanceDashboard.tsx,0,21,False,0,,DELETE_UNUSED,202.1
BetSimulationTool,C:\Users\bcmad\Downloads\A1Betting7-13.2\frontend\src\components\shared\ui\BetSimulationTool.tsx,0,21,False,0,,DELETE_UNUSED,202.1
PredictionExplanationOverlay,C:\Users\bcmad\Downloads\A1Betting7-13.2\frontend\src\components\shared\ui\PredictionExplanationOverlay.tsx,0,21,False,0,,DELETE_UNUSED,202.1
ComprehensivePropsLoader,C:\Users\bcmad\Downloads\A1Betting7-13.2\frontend\src\components\ComprehensivePropsLoader.tsx,0,20,False,0,,DELETE_UNUSED,202.0
SmartStackingPanel,C:\Users\bcmad\Downloads\A1Betting7-13.2\frontend\src\components\enhanced\SmartStackingPanel.tsx,0,20,False,0,,DELETE_UNUSED,202.0
DocumentationHub,C:\Users\bcmad\Downloads\A1Betting7-13.2\frontend\src\components\phase4\DocumentationHub.tsx,0,20,False,0,,DELETE_UNUSED,202.0
RealtimeStatusBanner,C:\Users\bcmad\Downloads\A1Betting7-13.2\frontend\src\components\RealtimeStatusBanner.tsx,0,20,False,0,,DELETE_UNUSED,202.0
MarketOpportunityCard,C:\Users\bcmad\Downloads\A1Betting7-13.2\frontend\src\components\shared\ui\MarketOpportunityCard.tsx,0,20,False,0,,DELETE_UNUSED,202.0
ServiceStatusIndicators,C:\Users\bcmad\Downloads\A1Betting7-13.2\frontend\src\components\shared\ui\ServiceStatusIndicators.tsx,0,20,False,0,,DELETE_UNUSED,202.0
EnhancedConfidenceScoring,C:\Users\bcmad\Downloads\A1Betting7-13.2\frontend\src\components\analysis\EnhancedConfidenceScoring.tsx,0,19,False,0,,DELETE_UNUSED,201.9
PlayerVisualizationCharts,C:\Users\bcmad\Downloads\A1Betting7-13.2\frontend\src\components\player\PlayerVisualizationCharts.tsx,0,19,False,0,,DELETE_UNUSED,201.9
FeatureFlagIndicators,C:\Users\bcmad\Downloads\A1Betting7-13.2\frontend\src\components\shared\ui\FeatureFlagIndicators.tsx,0,19,False,0,,DELETE_UNUSED,201.9
AdminFeatureFlags,C:\Users\bcmad\Downloads\A1Betting7-13.2\frontend\src\components\admin\AdminFeatureFlags.tsx,0,18,False,0,,DELETE_UNUSED,201.8
CLVMetricsDashboard,C:\Users\bcmad\Downloads\A1Betting7-13.2\frontend\src\components\admin\CLVMetricsDashboard.tsx,0,18,False,0,,DELETE_UNUSED,201.8
OddsComparisonPanel,C:\Users\bcmad\Downloads\A1Betting7-13.2\frontend\src\components\odds\OddsComparisonPanel.tsx,0,18,False,0,,DELETE_UNUSED,201.8
EnhancedLiveStreamPage,C:\Users\bcmad\Downloads\A1Betting7-13.2\frontend\src\components\pages\EnhancedLiveStreamPage.tsx,0,18,False,0,,DELETE_UNUSED,201.8
PerformanceMonitoringDashboard.test,C:\Users\bcmad\Downloads\A1Betting7-13.2\frontend\src\components\phase4\__tests__\PerformanceMonitoringDashboard.test.tsx,0,18,False,0,,DELETE_UNUSED,201.8
PlayerDashboard,C:\Users\bcmad\Downloads\A1Betting7-13.2\frontend\src\components\PlayerDashboard.tsx,0,18,False,0,,DELETE_UNUSED,201.8
InteractiveChartsHub,C:\Users\bcmad\Downloads\A1Betting7-13.2\frontend\src\components\visualizations\InteractiveChartsHub.tsx,0,18,False,0,,DELETE_UNUSED,201.8
Predictions.test,C:\Users\bcmad\Downloads\A1Betting7-13.2\frontend\src\components\__tests__\Predictions.test.tsx,0,18,False,0,,DELETE_UNUSED,201.8
BestBetsDisplay,C:\Users\bcmad\Downloads\A1Betting7-13.2\frontend\src\components\BestBetsDisplay.tsx,0,17,False,0,,DELETE_UNUSED,201.7
ClvLeaderboardPanel,C:\Users\bcmad\Downloads\A1Betting7-13.2\frontend\src\components\dashboard\ClvLeaderboardPanel.tsx,0,17,False,0,,DELETE_UNUSED,201.7
ElectronIntegration,C:\Users\bcmad\Downloads\A1Betting7-13.2\frontend\src\components\electron\ElectronIntegration.tsx,0,17,False,0,,DELETE_UNUSED,201.7
MoneyMaker,C:\Users\bcmad\Downloads\A1Betting7-13.2\frontend\src\components\features\moneymaker\MoneyMaker.tsx,0,17,False,0,,DELETE_UNUSED,201.7
LockedBets.test,C:\Users\bcmad\Downloads\A1Betting7-13.2\frontend\src\components\LockedBets.test.tsx,0,17,False,0,,DELETE_UNUSED,201.7
SettingsAdminPage,C:\Users\bcmad\Downloads\A1Betting7-13.2\frontend\src\components\pages\SettingsAdminPage.tsx,0,17,False,0,,DELETE_UNUSED,201.7
ValidatorEventMonitor,C:\Users\bcmad\Downloads\A1Betting7-13.2\frontend\src\components\ValidatorEventMonitor.tsx,0,17,False,0,,DELETE_UNUSED,201.7
AdvancedVisualizationsDashboard,C:\Users\bcmad\Downloads\A1Betting7-13.2\frontend\src\components\visualizations\AdvancedVisualizationsDashboard.tsx,0,17,False,0,,DELETE_UNUSED,201.7
Dialog,C:\Users\bcmad\Downloads\A1Betting7-13.2\frontend\src\components\base\Dialog.tsx,0,16,False,0,,DELETE_UNUSED,201.6
Dropdown,C:\Users\bcmad\Downloads\A1Betting7-13.2\frontend\src\components\base\Dropdown.tsx,0,16,False,0,,DELETE_UNUSED,201.6
AdvancedSettings,C:\Users\bcmad\Downloads\A1Betting7-13.2\frontend\src\components\features\settings\AdvancedSettings.tsx,0,16,False,0,,DELETE_UNUSED,201.6
LiveWebSocketDashboard,C:\Users\bcmad\Downloads\A1Betting7-13.2\frontend\src\components\LiveWebSocketDashboard.tsx,0,16,False,0,,DELETE_UNUSED,201.6
LiveStreamPage,C:\Users\bcmad\Downloads\A1Betting7-13.2\frontend\src\components\pages\LiveStreamPage.tsx,0,16,False,0,,DELETE_UNUSED,201.6
React19Test,C:\Users\bcmad\Downloads\A1Betting7-13.2\frontend\src\components\React19Test.tsx,0,16,False,0,,DELETE_UNUSED,201.6
ml-status-indicators,C:\Users\bcmad\Downloads\A1Betting7-13.2\frontend\src\components\shared\ui\ml-status-indicators.tsx,0,16,False,0,,DELETE_UNUSED,201.6
PerformanceMonitoringDashboard.regression.test,C:\Users\bcmad\Downloads\A1Betting7-13.2\frontend\src\components\__tests__\PerformanceMonitoringDashboard.regression.test.tsx,0,16,False,0,,DELETE_UNUSED,201.6
EnhancedBettingInterfaceDemo,C:\Users\bcmad\Downloads\A1Betting7-13.2\frontend\src\components\demo\EnhancedBettingInterfaceDemo.tsx,0,15,False,0,,DELETE_UNUSED,201.5
OddsAggregationChart,C:\Users\bcmad\Downloads\A1Betting7-13.2\frontend\src\components\charts\OddsAggregationChart.tsx,0,14,False,0,,DELETE_UNUSED,201.4
CommunityEngagement,C:\Users\bcmad\Downloads\A1Betting7-13.2\frontend\src\components\community\CommunityEngagement.tsx,0,14,False,0,,DELETE_UNUSED,201.4
ObservabilityHub,C:\Users\bcmad\Downloads\A1Betting7-13.2\frontend\src\components\observability\ObservabilityHub.tsx,0,14,False,0,,DELETE_UNUSED,201.4
ReliabilityPanel.test,C:\Users\bcmad\Downloads\A1Betting7-13.2\frontend\src\components\reliability\tests\ReliabilityPanel.test.tsx,0,14,False,0,,DELETE_UNUSED,201.4
BackendControl,C:\Users\bcmad\Downloads\A1Betting7-13.2\frontend\src\components\shared\ui\BackendControl.tsx,0,14,False,0,,DELETE_UNUSED,201.4
DarkModeToggle,C:\Users\bcmad\Downloads\A1Betting7-13.2\frontend\src\components\DarkModeToggle.tsx,0,13,False,0,,DELETE_UNUSED,201.3
Login,C:\Users\bcmad\Downloads\A1Betting7-13.2\frontend\src\components\Login.tsx,0,13,False,0,,DELETE_UNUSED,201.3
ValuePanel.test,C:\Users\bcmad\Downloads\A1Betting7-13.2\frontend\src\components\odds\__tests__\ValuePanel.test.tsx,0,13,False,0,,DELETE_UNUSED,201.3
PerformanceLoader,C:\Users\bcmad\Downloads\A1Betting7-13.2\frontend\src\components\shared\loading\PerformanceLoader.tsx,0,13,False,0,,DELETE_UNUSED,201.3
Modal,C:\Users\bcmad\Downloads\A1Betting7-13.2\frontend\src\components\base\Modal.tsx,0,12,False,0,,DELETE_UNUSED,201.2
PropFinderDashboardExample,C:\Users\bcmad\Downloads\A1Betting7-13.2\frontend\src\components\PropFinderDashboardExample.tsx,0,12,False,0,,DELETE_UNUSED,201.2
WinProbabilityMeter,C:\Users\bcmad\Downloads\A1Betting7-13.2\frontend\src\components\shared\ui\WinProbabilityMeter.tsx,0,12,False,0,,DELETE_UNUSED,201.2
DataFetchTest,C:\Users\bcmad\Downloads\A1Betting7-13.2\frontend\src\components\debug\DataFetchTest.tsx,0,11,False,0,,DELETE_UNUSED,201.1
ComponentUsageExamples,C:\Users\bcmad\Downloads\A1Betting7-13.2\frontend\src\components\examples\ComponentUsageExamples.tsx,0,11,False,0,,DELETE_UNUSED,201.1
GlobalErrorBoundary,C:\Users\bcmad\Downloads\A1Betting7-13.2\frontend\src\components\GlobalErrorBoundary.tsx,0,11,False,0,,DELETE_UNUSED,201.1
alert,C:\Users\bcmad\Downloads\A1Betting7-13.2\frontend\src\components\shared\ui\alert.tsx,0,11,False,0,,DELETE_UNUSED,201.1
BuilderIntegration,C:\Users\bcmad\Downloads\A1Betting7-13.2\frontend\src\components\BuilderIntegration.tsx,0,10,False,0,,DELETE_UNUSED,201.0
EVSummaryWidget.test,C:\Users\bcmad\Downloads\A1Betting7-13.2\frontend\src\components\ev\__tests__\EVSummaryWidget.test.tsx,0,10,False,0,,DELETE_UNUSED,201.0
NotificationToast,C:\Users\bcmad\Downloads\A1Betting7-13.2\frontend\src\components\shared\ui\NotificationToast.tsx,0,10,False,0,,DELETE_UNUSED,201.0
tabs,C:\Users\bcmad\Downloads\A1Betting7-13.2\frontend\src\components\shared\ui\tabs.tsx,0,10,False,0,,DELETE_UNUSED,201.0
Avatar,C:\Users\bcmad\Downloads\A1Betting7-13.2\frontend\src\components\base\Avatar.tsx,0,9,False,0,,DELETE_UNUSED,200.9
PropOllamaContext,C:\Users\bcmad\Downloads\A1Betting7-13.2\frontend\src\components\context\PropOllamaContext.tsx,0,9,False,0,,DELETE_UNUSED,200.9
Dashboard,C:\Users\bcmad\Downloads\A1Betting7-13.2\frontend\src\components\features\dashboard\Dashboard.tsx,0,9,False,0,,DELETE_UNUSED,200.9
DataQualityMonitor,C:\Users\bcmad\Downloads\A1Betting7-13.2\frontend\src\components\features\modern\DataQualityMonitor.tsx,0,9,False,0,,DELETE_UNUSED,200.9
PropFinderCompetitorDashboard,C:\Users\bcmad\Downloads\A1Betting7-13.2\frontend\src\components\welcome\PropFinderCompetitorDashboard.tsx,0,9,False,0,,DELETE_UNUSED,200.9
MovementAnalysisDemo.test,C:\Users\bcmad\Downloads\A1Betting7-13.2\frontend\src\components\demos\__tests__\MovementAnalysisDemo.test.tsx,0,8,False,0,,DELETE_UNUSED,200.8
MainNavigation,C:\Users\bcmad\Downloads\A1Betting7-13.2\frontend\src\components\navigation\MainNavigation.tsx,0,8,False,0,,DELETE_UNUSED,200.8
ArbitrageWidget.test,C:\Users\bcmad\Downloads\A1Betting7-13.2\frontend\src\components\odds\__tests__\ArbitrageWidget.test.tsx,0,8,False,0,,DELETE_UNUSED,200.8
Phase3Banner,C:\Users\bcmad\Downloads\A1Betting7-13.2\frontend\src\components\phase3\Phase3Banner.tsx,0,8,False,0,,DELETE_UNUSED,200.8
EmptyState,C:\Users\bcmad\Downloads\A1Betting7-13.2\frontend\src\components\shared\ui\EmptyState.tsx,0,8,False,0,,DELETE_UNUSED,200.8
HistoricalPerformanceDashboard,C:\Users\bcmad\Downloads\A1Betting7-13.2\frontend\src\components\shared\ui\HistoricalPerformanceDashboard.tsx,0,8,False,0,,DELETE_UNUSED,200.8
RiskHeatMap,C:\Users\bcmad\Downloads\A1Betting7-13.2\frontend\src\components\shared\ui\RiskHeatMap.tsx,0,8,False,0,,DELETE_UNUSED,200.8
WebSocketAnalytics,C:\Users\bcmad\Downloads\A1Betting7-13.2\frontend\src\components\WebSocketAnalytics.tsx,0,8,False,0,,DELETE_UNUSED,200.8
BettingHistory,C:\Users\bcmad\Downloads\A1Betting7-13.2\frontend\src\components\BettingHistory.tsx,0,7,False,0,,DELETE_UNUSED,200.7
CLVIntegrationExample,C:\Users\bcmad\Downloads\A1Betting7-13.2\frontend\src\components\dashboard\CLVIntegrationExample.tsx,0,7,False,0,,DELETE_UNUSED,200.7
HeadToHeadToggle.test,C:\Users\bcmad\Downloads\A1Betting7-13.2\frontend\src\components\filters\__tests__\HeadToHeadToggle.test.tsx,0,7,False,0,,DELETE_UNUSED,200.7
TimeframeSelect.test,C:\Users\bcmad\Downloads\A1Betting7-13.2\frontend\src\components\filters\__tests__\TimeframeSelect.test.tsx,0,7,False,0,,DELETE_UNUSED,200.7
OpportunitiesList,C:\Users\bcmad\Downloads\A1Betting7-13.2\frontend\src\components\OpportunitiesList.tsx,0,7,False,0,,DELETE_UNUSED,200.7
PlayerDashboardWrapper,C:\Users\bcmad\Downloads\A1Betting7-13.2\frontend\src\components\player\PlayerDashboardWrapper.tsx,0,7,False,0,,DELETE_UNUSED,200.7
UniversalButton,C:\Users\bcmad\Downloads\A1Betting7-13.2\frontend\src\components\shared\ui\UniversalButton.tsx,0,7,False,0,,DELETE_UNUSED,200.7
StreamBackgroundCard,C:\Users\bcmad\Downloads\A1Betting7-13.2\frontend\src\components\StreamBackgroundCard.tsx,0,7,False,0,,DELETE_UNUSED,200.7
A1BettingPreview.test,C:\Users\bcmad\Downloads\A1Betting7-13.2\frontend\src\components\A1BettingPreview.test.tsx,0,6,False,0,,DELETE_UNUSED,200.6
Breadcrumb,C:\Users\bcmad\Downloads\A1Betting7-13.2\frontend\src\components\base\Breadcrumb.tsx,0,6,False,0,,DELETE_UNUSED,200.6
AdminWrapper,C:\Users\bcmad\Downloads\A1Betting7-13.2\frontend\src\components\comprehensive\AdminWrapper.tsx,0,6,False,0,,DELETE_UNUSED,200.6
DirectAIDashboardLink,C:\Users\bcmad\Downloads\A1Betting7-13.2\frontend\src\components\debug\DirectAIDashboardLink.tsx,0,6,False,0,,DELETE_UNUSED,200.6
EVBadge.test,C:\Users\bcmad\Downloads\A1Betting7-13.2\frontend\src\components\ev\__tests__\EVBadge.test.tsx,0,6,False,0,,DELETE_UNUSED,200.6
CheatsheetsFallback,C:\Users\bcmad\Downloads\A1Betting7-13.2\frontend\src\components\features\cheatsheets\CheatsheetsFallback.tsx,0,6,False,0,,DELETE_UNUSED,200.6
EnhancedLockedBetsPage,C:\Users\bcmad\Downloads\A1Betting7-13.2\frontend\src\components\pages\EnhancedLockedBetsPage.tsx,0,6,False,0,,DELETE_UNUSED,200.6
ConsolidatedAPITest,C:\Users\bcmad\Downloads\A1Betting7-13.2\frontend\src\components\testing\ConsolidatedAPITest.tsx,0,6,False,0,,DELETE_UNUSED,200.6
OpportunityRow.errorBoundary.test,C:\Users\bcmad\Downloads\A1Betting7-13.2\frontend\src\components\dashboard\__tests__\OpportunityRow.errorBoundary.test.tsx,0,5,False,0,,DELETE_UNUSED,200.5
MLAnalytics,C:\Users\bcmad\Downloads\A1Betting7-13.2\frontend\src\components\MLAnalytics.tsx,0,5,False,0,,DELETE_UNUSED,200.5
AnalyticsWidget.test,C:\Users\bcmad\Downloads\A1Betting7-13.2\frontend\src\components\analytics\AnalyticsWidget.test.tsx,0,4,False,0,,DELETE_UNUSED,200.4
PerformanceAnalyticsDashboard.test,C:\Users\bcmad\Downloads\A1Betting7-13.2\frontend\src\components\analytics\PerformanceAnalyticsDashboard.test.tsx,0,4,False,0,,DELETE_UNUSED,200.4
AnalyticsPage,C:\Users\bcmad\Downloads\A1Betting7-13.2\frontend\src\components\AnalyticsPage.tsx,0,4,False,0,,DELETE_UNUSED,200.4
TypedAPIDemo,C:\Users\bcmad\Downloads\A1Betting7-13.2\frontend\src\components\demo\TypedAPIDemo.tsx,0,4,False,0,,DELETE_UNUSED,200.4
AdvancedAnalyticsPanel,C:\Users\bcmad\Downloads\A1Betting7-13.2\frontend\src\components\features\modern\AdvancedAnalyticsPanel.tsx,0,4,False,0,,DELETE_UNUSED,200.4
SuccessMetricsPage,C:\Users\bcmad\Downloads\A1Betting7-13.2\frontend\src\components\features\testimonials\SuccessMetricsPage.tsx,0,4,False,0,,DELETE_UNUSED,200.4
FeedbackExamples,C:\Users\bcmad\Downloads\A1Betting7-13.2\frontend\src\components\feedback\FeedbackExamples.tsx,0,4,False,0,,DELETE_UNUSED,200.4
CyberFooter,C:\Users\bcmad\Downloads\A1Betting7-13.2\frontend\src\components\layout\CyberFooter.tsx,0,4,False,0,,DELETE_UNUSED,200.4
utils,C:\Users\bcmad\Downloads\A1Betting7-13.2\frontend\src\components\lazy\utils.tsx,0,4,False,0,,DELETE_UNUSED,200.4
ProgressBar,C:\Users\bcmad\Downloads\A1Betting7-13.2\frontend\src\components\ProgressBar.tsx,0,4,False,0,,DELETE_UNUSED,200.4
badge,C:\Users\bcmad\Downloads\A1Betting7-13.2\frontend\src\components\shared\ui\badge.tsx,0,4,False,0,,DELETE_UNUSED,200.4
Accordion,C:\Users\bcmad\Downloads\A1Betting7-13.2\frontend\src\components\base\Accordion.tsx,0,3,False,0,,DELETE_UNUSED,200.3
React19ErrorBoundary,C:\Users\bcmad\Downloads\A1Betting7-13.2\frontend\src\components\core\React19ErrorBoundary.tsx,0,3,False,0,,DELETE_UNUSED,200.3
ViteErrorBoundary,C:\Users\bcmad\Downloads\A1Betting7-13.2\frontend\src\components\ViteErrorBoundary.tsx,0,3,False,0,,DELETE_UNUSED,200.3
EvolutionaryInsights,C:\Users\bcmad\Downloads\A1Betting7-13.2\frontend\src\components\analytics\EvolutionaryInsights.tsx,0,2,False,0,,DELETE_UNUSED,200.2
BacktestingTab,C:\Users\bcmad\Downloads\A1Betting7-13.2\frontend\src\components\BacktestingTab.tsx,0,2,False,0,,DELETE_UNUSED,200.2
UnifiedInput,C:\Users\bcmad\Downloads\A1Betting7-13.2\frontend\src\components\base\UnifiedInput.tsx,0,2,False,0,,DELETE_UNUSED,200.2
PlayerPerformanceChart.component.test,C:\Users\bcmad\Downloads\A1Betting7-13.2\frontend\src\components\charts\__tests__\PlayerPerformanceChart.component.test.tsx,0,2,False,0,,DELETE_UNUSED,200.2
FooterVersion,C:\Users\bcmad\Downloads\A1Betting7-13.2\frontend\src\components\FooterVersion.tsx,0,2,False,0,,DELETE_UNUSED,200.2
InjuriesTab,C:\Users\bcmad\Downloads\A1Betting7-13.2\frontend\src\components\InjuriesTab.tsx,0,2,False,0,,DELETE_UNUSED,200.2
NewsTab,C:\Users\bcmad\Downloads\A1Betting7-13.2\frontend\src\components\NewsTab.tsx,0,2,False,0,,DELETE_UNUSED,200.2
SimpleSettingsPage,C:\Users\bcmad\Downloads\A1Betting7-13.2\frontend\src\components\pages\SimpleSettingsPage.tsx,0,2,False,0,,DELETE_UNUSED,200.2
QuantumAITab,C:\Users\bcmad\Downloads\A1Betting7-13.2\frontend\src\components\QuantumAITab.tsx,0,2,False,0,,DELETE_UNUSED,200.2
SettingsTab,C:\Users\bcmad\Downloads\A1Betting7-13.2\frontend\src\components\SettingsTab.tsx,0,2,False,0,,DELETE_UNUSED,200.2
SHAPTab,C:\Users\bcmad\Downloads\A1Betting7-13.2\frontend\src\components\SHAPTab.tsx,0,2,False,0,,DELETE_UNUSED,200.2
SuspenseLazyExample,C:\Users\bcmad\Downloads\A1Betting7-13.2\frontend\src\components\shared\SuspenseLazyExample.tsx,0,2,False,0,,DELETE_UNUSED,200.2
ChartOverride,C:\Users\bcmad\Downloads\A1Betting7-13.2\frontend\src\components\shared\ui\ChartOverride.tsx,0,2,False,0,,DELETE_UNUSED,200.2
switch,C:\Users\bcmad\Downloads\A1Betting7-13.2\frontend\src\components\shared\ui\switch.tsx,0,2,False,0,,DELETE_UNUSED,200.2
SocialTab,C:\Users\bcmad\Downloads\A1Betting7-13.2\frontend\src\components\SocialTab.tsx,0,2,False,0,,DELETE_UNUSED,200.2
StreamingTab,C:\Users\bcmad\Downloads\A1Betting7-13.2\frontend\src\components\StreamingTab.tsx,0,2,False,0,,DELETE_UNUSED,200.2
AnalyticsCommandCenter,C:\Users\bcmad\Downloads\A1Betting7-13.2\frontend\src\components\user-friendly\AnalyticsCommandCenter.tsx,0,2,False,0,,DELETE_UNUSED,200.2
SearchNotificationHandlers,C:\Users\bcmad\Downloads\A1Betting7-13.2\frontend\src\components\user-friendly\SearchNotificationHandlers.tsx,0,2,False,0,,DELETE_UNUSED,200.2
WeatherTab,C:\Users\bcmad\Downloads\A1Betting7-13.2\frontend\src\components\WeatherTab.tsx,0,2,False,0,,DELETE_UNUSED,200.2
SetAlertButton,C:\Users\bcmad\Downloads\A1Betting7-13.2\frontend\src\components\alerts\SetAlertButton.tsx,0,0,False,0,,DELETE_UNUSED,200.0
PrizePicksMLEngine,C:\Users\bcmad\Downloads\A1Betting7-13.2\frontend\src\components\betting\PrizePicksMLEngine.tsx,0,0,False,0,,DELETE_UNUSED,200.0
AdvancedIntelligenceHub_fixed,C:\Users\bcmad\Downloads\A1Betting7-13.2\frontend\src\components\intelligence\AdvancedIntelligenceHub_fixed.tsx,0,0,False,0,,DELETE_UNUSED,200.0
card,C:\Users\bcmad\Downloads\A1Betting7-13.2\frontend\src\components\shared\ui\card.tsx,0,0,False,0,,DELETE_UNUSED,200.0
SmartControlsBar,C:\Users\bcmad\Downloads\A1Betting7-13.2\frontend\src\components\SmartControlsBar.tsx,1,5,False,0,,KEEP_AS_IS,110.5
EnhancedPropCard,C:\Users\bcmad\Downloads\A1Betting7-13.2\frontend\src\components\shared\ui\EnhancedPropCard.tsx,2,15,True,0,,KEEP_AS_IS,-78.5
BankrollPage,C:\Users\bcmad\Downloads\A1Betting7-13.2\frontend\src\components\BankrollPage.tsx,1,32,True,0,,KEEP_AS_IS,-86.8
LockedBets,C:\Users\bcmad\Downloads\A1Betting7-13.2\frontend\src\components\LockedBets.tsx,1,30,True,0,,KEEP_AS_IS,-87.0
PerformanceAnalyticsDashboard,C:\Users\bcmad\Downloads\A1Betting7-13.2\frontend\src\components\analytics\PerformanceAnalyticsDashboard.tsx,1,25,True,0,,KEEP_AS_IS,-87.5
PredictionSummaryCard,C:\Users\bcmad\Downloads\A1Betting7-13.2\frontend\src\components\shared\ui\PredictionSummaryCard.tsx,1,16,True,0,,KEEP_AS_IS,-88.4
AnalyticsWidget,C:\Users\bcmad\Downloads\A1Betting7-13.2\frontend\src\components\analytics\AnalyticsWidget.tsx,1,2,True,0,,KEEP_AS_IS,-89.8
